market,rank,creative_name,ad_name,adset_name,QL,TQL,TD,CPTQL,CPTD,CTR,CPC,spend,content_format,creative_type,talent_type,production_style,campaign_audience,pain_benefit,language,thumbnail_url
AUS,1,Video_Tamil-Parent-Shoot-in-English,ANZ_PFX_FB_Leads-Conv_Australia_LeadGen_NA_Video_Tamil-Parent-Shoot-in-English_230126,ANZ_PFX_FB_Leads_Conv_LAL_PayU_Combined_35-55_Australia_LeadGen_101025,20.0,15.0,9.0,6322.0,10537.0,0.78,211.0,94832.0,Testimonial,Video,Parent,UGC,"ANZ_PFX_FB_Leads_Conv_Combined_LeadGen_0 (BAU, unclassified)",Grades & School,Tamil,
AUS,2,Static_W-NAPLAN-Boost-Math,ANZ_PFX_FB_Leads-Conv_Australia_PayU_LeadGen_NA_Static_W-NAPLAN-Boost-Math_291225,ANZ_PFX_FB_Leads_Conv_LAL_PayU_Combined_35-55_Australia_LeadGen_101025,13.0,9.0,7.0,8205.0,10550.0,0.51,343.0,73848.0,Graphic Explainer,Static,None,Static Graphic,PLA,Grades & School,English,
AUS,3,Int-4C_Australia_Video_Testimonial-Mohit-Kukreja,ANZ_FB_Leads_Conv_Int-4C_Australia_Video_Testimonial-Mohit-Kukreja_060126,ANZ_FB_Leads_Conv_Int-4C_Australia_LeadGen_050126,35.0,20.0,12.0,9437.0,15729.0,0.59,179.0,188746.0,Testimonial,Video,Parent,UGC,NRI (BAU),Confidence | Grades & School | Foundation Building,English,
AUS,4,Parents-All-Pri+Sec_Australia_Static_Y-Testimonial-Vishal,ANZ_FB_Leads_Conv_Parents-All-Pri+Sec_Australia_Static_Y-Testimonial-Vishal_020326,ANZ_FB_Leads_Conv_Parents-All-Pri+Sec_Australia_Form_Static-Testimonials_020326,33.0,20.0,13.0,10181.0,15663.0,0.85,121.0,203619.0,Testimonial,Static,Parent,Static Graphic,General (BAU),Grades & School,English,https://scontent-bom5-1.xx.fbcdn.net/v/t45.1600-4/644962917_2997381277122673_2126119860809842561_n.png?_nc_cat=109&ccb=1-7&_nc_ohc=uLxC1slC0x0Q7kNvwHmRqsJ&_nc_oc=AdrMMGlAat1BPZWQY2ECsfvac5hTbC-64KGh3U0-WLo0O-ngObOEiZL305W0KeM-_BE&_nc_zt=1&_nc_ht=scontent-bom5-1.xx&edm=AOgd6ZUEAAAA&_nc_gid=aYg1Vy3IT5Aof0o-g5QJJg&_nc_tpa=Q5bMBQEwtMghkVC3_f81GKQG6XY5J9bNsak6KSbZ7sauff4DkLwEFtTQ7PW7V3YJ0YoHK9QCSM-PuSV8&stp=c0.5000x0.5000f_dst-emg0_p64x64_q75_tt6&ur=52f3c4&_nc_sid=58080a&oh=00_Af04mQGcz606Re6UP3t4TRzLYwy2XQfPbe9FronXk2Pguw&oe=69DD35F0
AUS,5,Static_NAPLAN-Chinese,ANZ_PFX_FB_Leads-Conv_Australia_LeadGen_NA_Static_NAPLAN-Chinese_061125,ANZ_PFX_FB_Leads_Conv_LAL_0to2%AllQLs_35-55_Australia_LeadGen_011125,13.0,7.0,5.0,11251.0,15752.0,0.86,291.0,78760.0,Graphic Explainer,Static,None,Static Graphic,PLA,Grades & School,English,
AUS,6,Parents-Pri+Sec-Inf_Australia_Video_Influencer-Kanika,ANZ_FB_Leads_Conv_Parents-Pri+Sec-Inf_Australia_Video_Influencer-Kanika_090226,ANZ_FB_Leads_Conv_Parents-Pri+Sec_Australia_Form_Influencer_090226,15.0,9.0,4.0,9949.0,22384.0,0.66,249.0,89538.0,Testimonial,Video,Influencer,UGC,Influencer (BAU),Personalization,English,https://scontent-bom5-2.xx.fbcdn.net/v/t15.5256-10/629458580_1416491736589418_3363163644874248487_n.jpg?_nc_cat=100&ccb=1-7&_nc_ohc=n88sygzN9zoQ7kNvwG1udp1&_nc_oc=AdpQZkI_7vviWcZIGWb8De9ncSpoxpEKkX68Dv7gl_lsN8gSRbnMBFXKu5ckrjuU_30&_nc_zt=23&_nc_ht=scontent-bom5-2.xx&edm=AAwGEdEEAAAA&_nc_gid=J0hsbBkpgUidPHIbc7k0XA&_nc_tpa=Q5bMBQF8L7DAx4SlK5cABgdVnxU2t7h-dh_cl58ViZ7t3NEvfs2ICeULVM8u134BJBSaNkKequH3083h&stp=c0.5000x0.5000f_dst-emg0_p64x64_q75_tt6&ur=b696e2&_nc_sid=58080a&oh=00_Af1pjnesFpCOKbfFj3POpKFqRXDBer3WJFJX7_GlLANBdQ&oe=69DD1F82
AUS,7,LAL-PayU_Australia_Video_Tamil-Parent-Shoot-in-English,ANZ_FB_Leads_Conv_LAL-PayU_Australia_Video_Tamil-Parent-Shoot-in-English_020326,ANZ_FB_Leads_Conv_LAL-PayU_Australia_Form_Shoot-2-Videos_020326,14.0,10.0,8.0,12891.0,16114.0,0.51,311.0,128908.0,Testimonial,Video,Parent,Studio,Lookalike (BAU),Grades & School,Tamil,
AUS,8,India-Expats_Australia_Video_Cuemath-Hero-5-21s,ANZ_FB_Leads_Conv_India-Expats_Australia_Video_Cuemath-Hero-5-21s_061125,ANZ_FB_Leads_Conv_India-Expats_Australia_LeadGen_050126,36.0,14.0,9.0,12621.0,19633.0,0.65,246.0,176699.0,Product Demo,Video,None,Animated,NRI (BAU),Grades & School,English,
AUS,9,35-55_Australia_Static_W-NAPLAN-Start-Summer,ANZ_PFX_FB_Leads_Conv_Int_All-Expats_35-55_Australia_Static_W-NAPLAN-Start-Summer_210126,ANZ_PFX_FB_Leads_Conv_Int_All-Expats_35-55_Australia_LeadGen_251125,43.0,21.0,15.0,14164.0,19830.0,0.85,359.0,297452.0,Graphic Explainer,Static,None,Static Graphic,General (BAU),Grades & School,English,https://scontent-bom2-3.xx.fbcdn.net/v/t45.1600-4/614978548_2949876585206476_4791063017532058424_n.png?_nc_cat=101&ccb=1-7&_nc_ohc=swrvtKpIA3UQ7kNvwHGZwoP&_nc_oc=AdrmOFILbwCMJV-7X3MpZcKjOCL5ip56w6DaEIVy_tKpT9H21G89RcMK_MSRDd45oBc&_nc_zt=1&_nc_ht=scontent-bom2-3.xx&edm=AOgd6ZUEAAAA&_nc_gid=3EqyFkhd5tAFkIkcxLUunw&_nc_tpa=Q5bMBQEf8dmoYaPqJV4jl_BW4ZqLzI0XtdC7qjH9bz5_YE4Ozi2LR2x86HYIpz-hxddwB3JouSPW6Pw9&stp=c0.5000x0.5000f_dst-emg0_p64x64_q75_tt6&ur=52f3c4&_nc_sid=58080a&oh=00_Af02ImIHOTKoUsnS9B0_UGJXeleE0hzFbd_fVeVtZ02Z6A&oe=69DD2320
AUS,10,Static_W-NAPLAN-2026-Ready,ANZ_PFX_FB_Leads-Conv_Australia_PayU_LeadGen_NA_Static_W-NAPLAN-2026-Ready_241225,ANZ_PFX_FB_Leads_Conv_LAL_PayU_Combined_35-55_Australia_LeadGen_101025,10.0,6.0,4.0,14283.0,21425.0,0.66,286.0,85700.0,Graphic Explainer,Static,None,Static Graphic,PLA,Grades & School,English,
AUS,11,LAL-QL-0to2%_Australia_Video_Tamil-Parent-Shoot-in-English,ANZ_FB_Leads_Conv_LAL-QL-0to2%_Australia_Video_Tamil-Parent-Shoot-in-English_280126,ANZ_FB_Leads_Conv_LAL-QL-0to2%_Australia_Signup-UB-New_Shoot-Video_280126,12.0,7.0,2.0,10006.0,35022.0,0.63,186.0,70043.0,Testimonial,Video,Parent,UGC,Lookalike (BAU),Foundation Building,Tamil,
AUS,12,India-Expats_Australia_Video_Testimonial-Mohit-Kukreja,ANZ_FB_Leads_Conv_India-Expats_Australia_Video_Testimonial-Mohit-Kukreja_280126,ANZ_FB_Leads_Conv_India-Expats_Australia_Form_Testimonial-Video_280126,13.0,7.0,5.0,14978.0,20969.0,0.57,243.0,104844.0,Testimonial,Video,Parent,UGC,NRI (BAU),Parent Peace of Mind,English,
AUS,13,LAL-QL-0to2%_Australia_Video_Cuemath-Hero-5-21s,ANZ_FB_Leads_Conv_LAL-QL-0to2%_Australia_Video_Cuemath-Hero-5-21s_280126,ANZ_FB_Leads_Conv_LAL-QL-0to2%_Australia_Form_Shoot-Video_280126,10.0,5.0,4.0,16107.0,20134.0,0.5,273.0,80536.0,Product Demo,Video,None,Animated,Lookalike (BAU),Confidence,English,
AUS,14,LAL-QL-0to2%_Australia_Video_Influencer-Montage,ANZ_FB_Leads_Conv_LAL-QL-0to2%_Australia_Video_Influencer-Montage_180326,ANZ_FB_Leads_Conv_LAL-QL-0to2%_Australia_Form_Testimonial-Video_280126,11.0,5.0,3.0,15190.0,25316.0,0.85,243.0,75948.0,Skit/Story,Video,Parent,UGC,Lookalike (BAU),Personalization,English,
AUS,15,LAL-QL-0to2%_Australia_Static_W-Testimonial-NAPLAN,ANZ_FB_Leads_Conv_LAL-QL-0to2%_Australia_Static_W-Testimonial-NAPLAN_030226,ANZ_FB_Leads_Conv_LAL-QL-0to2%_Australia_Form_Static-NAPLAN_030226,26.0,10.0,6.0,15960.0,26599.0,0.65,150.0,159596.0,Testimonial,Static,Parent,Static Graphic,Lookalike (BAU),Grades & School,English,https://scontent-bom2-3.xx.fbcdn.net/v/t45.1600-4/613428454_2949858331874968_8783374240495552550_n.png?_nc_cat=103&ccb=1-7&_nc_ohc=n8xfFr54IHEQ7kNvwFVZ3Z_&_nc_oc=AdrmdJIJD2F2GsciKLiyRfkqvNYxTUXoUpQ5BH7Ex46yujmLV_f0QEfHZ0ualbjLrlM&_nc_zt=1&_nc_ht=scontent-bom2-3.xx&edm=AOgd6ZUEAAAA&_nc_gid=00ajJGF8wgwrr6uufU7T3A&_nc_tpa=Q5bMBQEa-tmDz3olfSPrIrdbeeEwlca7heVTFEHc9z8xP05mwRexNunR8xpogJGh_ZE_T8Tgai2XdTDL&stp=c0.5000x0.5000f_dst-emg0_p64x64_q75_tt6&ur=52f3c4&_nc_sid=58080a&oh=00_Af34IGgZGx6AJFdgH-fW-CwO7EUWtNzqHDLAOwkVlmzqDw&oe=69DD160E
AUS,16,India-Expats_Australia_Video_Testimonial-Montage,ANZ_FB_Leads_Conv_India-Expats_Australia_Video_Testimonial-Montage_180326,ANZ_FB_Leads_Conv_India-Expats_Australia_Form_Testimonial-Video_280126,16.0,7.0,5.0,17374.0,24324.0,0.87,185.0,121621.0,Testimonial,Video,Parent,UGC,NRI (BAU),Parent Peace of Mind,English,
AUS,17,LAL-QL-0to2%_Australia_Static_W-NAPLAN-2026-Ready,ANZ_FB_Leads_Conv_LAL-QL-0to2%_Australia_Static_W-NAPLAN-2026-Ready_030226,ANZ_FB_Leads_Conv_LAL-QL-0to2%_Australia_Form_Static-NAPLAN_030226,36.0,15.0,7.0,15160.0,32486.0,0.76,316.0,227401.0,Graphic Explainer,Static,Child,Static Graphic,Lookalike (BAU),Grades & School,English,https://scontent-bom5-1.xx.fbcdn.net/v/t45.1600-4/602378977_2931183177075817_5427356424165538632_n.png?_nc_cat=109&ccb=1-7&_nc_ohc=NSuy2xIIWokQ7kNvwE7qPvD&_nc_oc=Adofii3AjAVOaHEkQBy3rIOTEpyCrgiQtQclDtczvZBqLTTqiH4BuOrv3GAfeG5NBjA&_nc_zt=1&_nc_ht=scontent-bom5-1.xx&edm=AOgd6ZUEAAAA&_nc_gid=tDmwsmm390AN7JluJ9drwA&_nc_tpa=Q5bMBQH6WXJ1mF2W8V_6jQbw4lxIRlz522hczolj5SXtyc6UPV33FdwbjU3AY2woFPHQgafP7Ww8BsXb&stp=c0.5000x0.5000f_dst-emg0_p64x64_q75_tt6&ur=52f3c4&_nc_sid=58080a&oh=00_Af2C3SD83tcSd6y8a777cU-Z6VfXDjgFZfkAkDKaYWMb2A&oe=69DD1630
AUS,18,Vernac-Tamil-Static_Australia_Static_Ad3-Tamil-Text,ANZ_FB_Leads_Conv_Vernac-Tamil-Static_Australia_Static_Ad3-Tamil-Text_110226,ANZ_FB_Leads_Conv_Vernac-Tamil-Static_Australia_LeadGen_110226,19.0,8.0,2.0,11213.0,44850.0,0.9,93.0,89701.0,Graphic Explainer,Static,None,Static Graphic,Vernacular (BAU),Grades & School,Tamil,
AUS,19,Bollywood_Australia_Video_Testimonial-Lakshmi,ANZ_FB_Leads_Conv_Bollywood_Australia_Video_Testimonial-Lakshmi_170226,ANZ_FB_Leads_Conv_Bollywood_Australia_Form_Testimonial-Videos_140226,35.0,12.0,7.0,18437.0,31606.0,0.68,185.0,221245.0,Testimonial,Video,Parent,UGC,Interest (BAU),Parent Peace of Mind,English,
AUS,20,LAL-QL-0to2%_Australia_Video_Testimonial-NAPLAN-Daphne,ANZ_FB_Leads_Conv_LAL-QL-0to2%_Australia_Video_Testimonial-NAPLAN-Daphne_180326,ANZ_FB_Leads_Conv_LAL-QL-0to2%_Australia_Form_Static-NAPLAN_030226,12.0,7.0,3.0,16544.0,38603.0,1.06,143.0,115809.0,Testimonial,Video,Parent,UGC,Lookalike (BAU),Grades & School,English,
India,1,Video_Testimonial-Kaviya-Tamil,Ind_PFX_FB_Leads-Conv_South-Cities_Advantage_ShortForm_LPBoard_NA_Video_Testimonial-Kaviya-Tamil_181225,India_PFX_FB_Leads_Conv_South-Cities_Advantage_35-50_ShortForm_LPBoard_Maths_Slotbook_Tamil_161025,312.0,162.0,90.0,1349.0,2429.0,0.76,19.0,218609.0,Testimonial,Video,Parent,UGC,Vernacular (BAU),Confidence,Tamil,https://scontent-bom2-3.xx.fbcdn.net/v/t15.5256-10/602881667_1192342875700392_1269737993544803719_n.jpg?_nc_cat=101&ccb=1-7&_nc_ohc=lhMfCTIg9UMQ7kNvwEG5RDx&_nc_oc=AdpENCKcXKvKw63uyj31NxsSFjEpBk_vNKVeqTGcHd5l579fKxyzAXdTGk2C5cjkprQ&_nc_zt=23&_nc_ht=scontent-bom2-3.xx&edm=AOgd6ZUEAAAA&_nc_gid=OgpNYOa85JHYcMg5299mvw&_nc_tpa=Q5bMBQH6DVwTENon7ANaTQ3CE3V12PqTl5IxAfAqAz_uTLjcrxHhsLU0OfUio2W1HGEL2VBZxXPRXr-7&stp=c0.5000x0.5000f_dst-emg0_p64x64_q75_tt6&ur=b696e2&_nc_sid=58080a&oh=00_Af306zkELh-hANEdstkNG8agpzU7JEV8fJzA7msCj8wldw&oe=69DD228B
India,2,Video_Testimonial-Vaidehi-Telugu,Ind_PFX_FB_Leads-Conv_South-Cities_LA-AllEnrolled_ShortForm-LPBoard_NA_Video_Testimonial-Vaidehi-Telugu_081225,Ind_PFX_FB_Leads_Conv_South-Cities_LA_AllEnrolled_35-50_All_Manual_ShortForm_LPBoard_Slotbook_Telugu_071025,18.0,6.0,6.0,2012.0,2012.0,0.53,26.0,12070.0,Testimonial,Video,Child,UGC,Lookalike (BAU),Grades & School,Telugu,
India,3,Ind_FB_Vernac_Video_Testimonial-Kaviya-Tamil,Ind_FB_Vernac_Video_Testimonial-Kaviya-Tamil_170326,Ind_FB_Vernac_Slotbook_Tamil_160326,212.0,82.0,50.0,1655.0,2714.0,0.74,18.0,135710.0,Testimonial,Video,Child,UGC,Vernacular (BAU),Grades & School,Tamil,https://scontent-bom2-3.xx.fbcdn.net/v/t15.5256-10/602881667_1192342875700392_1269737993544803719_n.jpg?_nc_cat=101&ccb=1-7&_nc_ohc=lhMfCTIg9UMQ7kNvwEG5RDx&_nc_oc=AdpENCKcXKvKw63uyj31NxsSFjEpBk_vNKVeqTGcHd5l579fKxyzAXdTGk2C5cjkprQ&_nc_zt=23&_nc_ht=scontent-bom2-3.xx&edm=AOgd6ZUEAAAA&_nc_gid=gdo0FFtHoMe8TLMYq1gc6Q&_nc_tpa=Q5bMBQHWMLA5Ok61_BI2YVIz7YQcCqdWZaUISnnvKHWpZTXlbekdSk6eBkDP1rJ2e2BatpYoQ1o1VdMJ&stp=c0.5000x0.5000f_dst-emg0_p64x64_q75_tt6&ur=b696e2&_nc_sid=58080a&oh=00_Af3-YjatlY_QzvadsXI1NSppBn8uUq8QGnXNiELJQtP_uw&oe=69DD228B
India,4,Video_Testimonial-Amyra,Ind_PFX_FB_Leads_Conv_Pan_Int_Job-titles_ShortForm-LPBoard_NA_Video_Testimonial-Amyra_171125,Ind_PFX_FB_Leads_Conv_Pan_Int_Job-titles_All_Manual_ShortForm_LPBoard_291025,262.0,157.0,111.0,2041.0,2887.0,0.76,40.0,320413.0,Testimonial,Video,Parent,UGC,General (BAU),Confidence | Grades & School | Parent Peace of Mind,English,https://scontent-bom2-3.xx.fbcdn.net/v/t15.5256-10/569922998_1345954240539259_3652129426430985475_n.jpg?_nc_cat=101&ccb=1-7&_nc_ohc=V2EAfjtQcLIQ7kNvwGj9SLo&_nc_oc=Adp5DEaORigRvp0YyAyo3Z5jcQvDMPrJTjvHG2PKaYPd2rkjaS_ui-Vfu41WoaGN4TY&_nc_zt=23&_nc_ht=scontent-bom2-3.xx&edm=AOgd6ZUEAAAA&_nc_gid=OgpNYOa85JHYcMg5299mvw&_nc_tpa=Q5bMBQE7q4a_o8l9isOqmjAdswOSIwcAX0k89ZUr8siWWAjfxU4iKcp0_TZEPumLw6GURkLpoaEsqDP0&stp=c0.5000x0.5000f_dst-emg0_p64x64_q75_tt6&ur=b696e2&_nc_sid=58080a&oh=00_Af2DoluIeWCMe53o0m4KBSOhsRwg3jwalF7Iqt-CN0689Q&oe=69DD30A0
India,5,Video_Testimonial-Manish,Ind_PFX_FB_Lead_Conv_Metro_Female-Engaged_ShortForm-LPBoard_NA_Video_Testimonial-Manish_150126,Ind_PFX_FB_Leads_Conv_MetroTier1_Female_Int_Engaged-Shoppers_35-50_All_Manual_ShortForm_LPBoard_131125,262.0,165.0,110.0,2020.0,3030.0,0.52,51.0,333325.0,Testimonial,Video,Parent,UGC,Interest (BAU),Grades & School,English,
India,6,Ind_FB_Leads-Conv_PayU-LA_Video_Testimonial-Manish,Ind_FB_Leads-Conv_PayU-LA_Video_Testimonial-Manish_190126,Ind_FB_Leads_Conv_Metro-Teir-1_PayU_LA_International-Schools-Parents_35-55_All_Manual_ShortForm_LPBoard_Slotbook_050126,206.0,131.0,100.0,2262.0,2964.0,0.53,65.0,296358.0,Testimonial,Video,Parent,UGC,General,Parent Peace of Mind,English,https://external-bom5-2.xx.fbcdn.net/emg1/v/t13/13758969275656708522?url=https%3A%2F%2Fwww.facebook.com%2Fads%2Fimage%2F%3Fd%3DAQLMLyVViDtov9iRGYERwhYRKXnIYtfLDPNw2GcyGLFi91-EUitzIOAGhPjfB1TK2Wbo1c-PJTuubSyyaqyNZVAPts8MQE7QlIYIPs-0INs_o_a1eqZia8npDy_fW9LaOnrR6aQK0pZ2RUC2gu-7eyef&fb_obo=1&utld=facebook.com&stp=c0.5000x0.5000f_dst-emg0_p64x64_q75_tt6&edm=AOgd6ZUEAAAA&_nc_gid=nsSiUx3f_HkNwA5gmKseuw&_nc_oc=AdqRjkPJtOo9WZatZ-KamjhVNgZbUm8FGSXXTgBZhK32Y_ZQB2_cTW_BuDIva55ZZFc&ccb=13-1&oh=06_Q3--AX5awfqllII1GlYteQqGUpXGpiVxByoeXoYcga5geEvw&oe=69D936E4&_nc_sid=58080a
India,7,Ind_FB_Vernac_Video_Testimonial-Madhavi-Telugu,Ind_FB_Vernac_Video_Testimonial-Madhavi-Telugu_250326,Ind_FB_Vernac_Slotbook_Telugu_250326,61.0,31.0,18.0,1970.0,3393.0,0.64,36.0,61079.0,Testimonial,Video,Parent,UGC,Vernacular (BAU),Grades & School,Telugu,
India,8,Slotbook_Video_Testimonial-Dhaval,Ind_FB_Leads_Conv_BLR+HYD_LeadGen_Slotbook_Video_Testimonial-Dhaval_160226,Ind_FB_Leads_Conv_BLR+HYD_LeadGen_Slotbook_160226,15.0,10.0,10.0,2687.0,2687.0,0.6,44.0,26871.0,Testimonial,Video,Parent,UGC,Geo (BAU),Grades & School,English,
India,9,Video_Testimonial-Manish,Ind_PFX_FB_Lead_Conv_Metro_Premium+Parents+Income_ShortForm-LPBoard_NA_Video_Testimonial-Manish_150126,Ind_PFX_FB_Leads_Conv_Pan_Int_Premium+Parents+Income_35-55_All_Manual_ShortForm_LPBoard_111025,227.0,126.0,90.0,2318.0,3245.0,0.51,57.0,292047.0,Testimonial,Video,Parent,UGC,Interest (BAU),Grades & School,English,https://scontent-bom5-1.xx.fbcdn.net/v/t15.5256-10/615561907_4263833827190028_6816963496861692646_n.jpg?_nc_cat=109&ccb=1-7&_nc_ohc=d2mzgKlYQsMQ7kNvwF-Dwo1&_nc_oc=AdpLGatE7ftN7YX24Xyla9SYnHD_sIKmVAkgCUjSgNp8S5FyjF4CmzSOhfxHQJ9sVIo&_nc_zt=23&_nc_ht=scontent-bom5-1.xx&edm=AOgd6ZUEAAAA&_nc_gid=oqJu95_qPbZarm5eBljnjw&_nc_tpa=Q5bMBQEkZ2I7Sa_ui-cW1pvq6ZzRyw8XZqxKzO3KIGxwOlkPFeIWAfNDH9lVGFYLVXWH4G5EuNdD919X&stp=c0.5000x0.5000f_dst-emg0_p64x64_q75_tt6&ur=b696e2&_nc_sid=58080a&oh=00_Af3n6DljCQjhPe5cVLD5an6aiQ92chQE36slWlC2Gs34PA&oe=69DD10FA
India,10,Static_O-Ace-Math-Olympiad,Ind_FB_Premium+Parents+Income_Slotbook_Static_O-Ace-Math-Olympiad_230326,Ind_FB_Premium+Parents+Income_Slotbook_Statics_090326,208.0,105.0,69.0,2339.0,3559.0,0.72,57.0,245601.0,Graphic Explainer,Static,None,Static Graphic,HNI (BAU),Competition Prep,English,
India,11,Video_IB-Testimonial-Kamala,Ind_FB_Engaged-Shoppers_Slotbook_Video_IB-Testimonial-Kamala_070326,Ind_FB_Engaged-Shoppers_Slotbook_IB_070326,144.0,71.0,45.0,2537.0,4003.0,0.6,37.0,180146.0,Testimonial,Video,Parent,UGC,Interest (BAU),Confidence | Grades & School | Foundation Building,English,
India,12,Video_IB-Testimonial-Kamala,Ind_FB_Premium+Parents+Income_Slotbook_Video_IB-Testimonial-Kamala_090326,Ind_FB_Premium+Parents+Income_Slotbook_IB_090326,139.0,69.0,42.0,2523.0,4145.0,0.59,47.0,174094.0,Testimonial,Video,Parent,UGC,HNI (BAU),Parent Peace of Mind,English,
India,13,Video_IB-Testimonial-Kamala,Ind_FB_Pincodes-IB/IGCSE_Slotbook_Video_IB-Testimonial-Kamala_070326,Ind_FB_Pincodes-IB/IGCSE_Slotbook_Videos_070326,248.0,118.0,73.0,2642.0,4271.0,0.51,55.0,311792.0,Testimonial,Video,Parent,UGC,Geo (BAU),Grades & School,English,
India,14,Video_Testimonial-Manish,Ind_FB_Premium+Parents+Income_Slotbook_Video_Testimonial-Manish_090326,Ind_FB_Premium+Parents+Income_Slotbook_Videos_090326,207.0,85.0,59.0,2885.0,4156.0,0.47,53.0,245221.0,Testimonial,Video,Parent,Studio,HNI (BAU),Grades & School,English,
India,15,Static_Y-Tutoring-Strong-Foundation,Ind_FB_Engaged-Shoppers_Slotbook_Static_Y-Tutoring-Strong-Foundation_230326,Ind_FB_Engaged-Shoppers_Slotbook_Statics_070326,192.0,90.0,47.0,2473.0,4735.0,0.68,50.0,222529.0,Graphic Explainer,Static,None,Static Graphic,Interest (BAU),Foundation Building,English,
India,16,Video_Testimonial-Amyra,Ind_FB_Job-Titles_Slotbook_Video_Testimonial-Amyra_070326,Ind_FB_Job-Titles_Slotbook_Statics+Videos_070326,271.0,125.0,72.0,2669.0,4634.0,0.91,28.0,333616.0,Testimonial,Video,Parent,Studio,General (BAU),Confidence | Tutor Quality | Personalization,English,https://scontent-bom5-2.xx.fbcdn.net/v/t15.5256-10/581153678_873426601701718_6264237883229817126_n.jpg?_nc_cat=104&ccb=1-7&_nc_ohc=NXPz5APbFr0Q7kNvwFZeFjI&_nc_oc=Adrm5aVixaMTaqxgjJgUhGD1I3WWtEmq7Kiu0bJJqMS8aU1R-USZGkssd33cKee9HUU&_nc_zt=23&_nc_ht=scontent-bom5-2.xx&edm=AOgd6ZUEAAAA&_nc_gid=gdo0FFtHoMe8TLMYq1gc6Q&_nc_tpa=Q5bMBQGCP5bHlZgeKIJ8IQz_wI8KSeKChqKG4QPemV6-lmsHtS5Z2nSEkbsxTAGvpPv1YhpKmyY27iob&stp=c0.5000x0.5000f_dst-emg0_p64x64_q75_tt6&ur=b696e2&_nc_sid=58080a&oh=00_Af3BH0sef8w3VT6dzMsNXZuV-03s1Dt7f7hL4FKthZor4w&oe=69DD3D95
India,17,Video_Testimonial-Manish,Ind_FB_PayU_Slotbook_Video_Testimonial-Manish_070326,Ind_FB_PayU_Slotbook_Videos_070226,204.0,90.0,58.0,2851.0,4424.0,0.48,78.0,256568.0,Testimonial,Video,Parent,UGC,Lookalike (BAU),Grades & School,English,
India,18,Video_IB-Testimonial-Kamala,Ind_FB_PayU_Slotbook_Video_IB-Testimonial-Kamala_070326,Ind_FB_PayU_Slotbook_IB_070326,120.0,53.0,37.0,3225.0,4619.0,0.55,53.0,170915.0,Testimonial,Video,Parent,UGC,Lookalike (BAU),Grades & School,English,
India,19,INT_IB/IGCSE/Premium+Parents_Video_IB-Testimonial-Kamala,Ind_FB_Pincodes_INT_IB/IGCSE/Premium+Parents_Video_IB-Testimonial-Kamala_140226,Ind_FB_Pincodes_INT_IB/IGCSE/Premium+Parents_Slotbook_Videos_140226,29.0,15.0,10.0,3156.0,4734.0,0.45,54.0,47342.0,Testimonial,Video,Parent,Studio,Interest (BAU),Parent Peace of Mind,English,https://scontent-bom5-1.xx.fbcdn.net/v/t15.5256-10/629152749_791119526715855_3120896708020849202_n.jpg?_nc_cat=105&ccb=1-7&_nc_ohc=9a-ne6h0SdUQ7kNvwHNu02S&_nc_oc=AdrI5A-5HKlC3fLZpx3BhskTmORWILbbGB6QqLq60tiA424vWRkN2AKVWzZhXv2nfFU&_nc_zt=23&_nc_ht=scontent-bom5-1.xx&edm=AOgd6ZUEAAAA&_nc_gid=oqJu95_qPbZarm5eBljnjw&_nc_tpa=Q5bMBQGkEcKPGwr2Z9ilwXE3oGjhxJ7R8OR5PqsQaMdDm2vVqyxMfbEM69latVGQj2_k1EwVXRo05Zos&stp=c0.5000x0.5000f_dst-emg0_p64x64_q75_tt6&ur=b696e2&_nc_sid=58080a&oh=00_Af29wngwv5o2sum5MAAQXR7RQgxS3bkAOpvmc-0RZidHQQ&oe=69DD13FA
India,20,Video_Testimonial-Tulsi-Abhishek,Ind_FB_Engaged-Shoppers_Slotbook_Video_Testimonial-Tulsi-Abhishek_070326,Ind_FB_Engaged-Shoppers_Slotbook_Videos_070226,79.0,45.0,23.0,2831.0,5538.0,0.56,55.0,127385.0,Testimonial,Video,Parent,UGC,Interest (BAU),Grades & School,English,
MEA,1,Video_Updated-Testimonial-Surveen-15s,Mea_PFX_FB_Leads-Conv_NA_Int-Female_LeadGen_NA_Video_Updated-Testimonial-Surveen-15s_061025,Mea_PFX_FB_Leads_Conv_Int_Female_Pri/Sec/Parents+Premium_35-55_LeadGen_061025,11.0,9.0,5.0,6153.0,11075.0,0.61,216.0,55374.0,,,,,,,,https://scontent-bom2-3.xx.fbcdn.net/v/t15.5256-10/548495558_810378674799975_28580898571887801_n.jpg?_nc_cat=103&ccb=1-7&_nc_ohc=IS6UlwKK_mwQ7kNvwEZ4Qg4&_nc_oc=AdqU6-sMMDQg8nOzbnBuXFGxYAf0repCEr-S4vI3bU-Dk7C3_Bix9RRatW0mWf3fvqk&_nc_zt=23&_nc_ht=scontent-bom2-3.xx&edm=AOgd6ZUEAAAA&_nc_gid=CGjQLxyr2GRGikUkyeRF2A&_nc_tpa=Q5bMBQFko0koVrtRhsG3HcwZdBJ1ASvDHCpCd03UqPnd2MwaTw5F8mLPcmSBoP8XdFtxSBCDAjE8YK_Z&stp=c0.5000x0.5000f_dst-emg0_p64x64_q75_tt6&ur=b696e2&_nc_sid=58080a&oh=00_Af1CZTFMxkiLNtiNyqjCTMRImxLT47jJMN3NPxGgvrm4SA&oe=69DD314F
MEA,2,with_preteens_Video_Brand-Mission-27s,MEA_AKT_FB_Leads_Conv_Interest_Maths_Engaged_shoppers_Parents_with_preteens_Video_Brand-Mission-27s_20-Oct-2025,MEA_AKT_FB_Leads_Conv_Interest_Maths_Engaged_shoppers_Parents_with_preteens_20-Oct-2025,19.0,15.0,11.0,9265.0,12635.0,0.66,148.0,138980.0,Graphic Explainer,Video,None,Static Graphic,Interest (BAU),Foundation Building,English,https://external-bom2-1.xx.fbcdn.net/emg1/v/t13/8178952000637579522?url=https%3A%2F%2Fwww.facebook.com%2Fads%2Fimage%2F%3Fd%3DAQLIBmnCs2_PupEmYLh_5GABZUF-_v40Up74dlOa0ZSCuCKPFbsNjy5mq8_BsZv030bWLOq4R432jYFVtLUjCVj5eP8AaggVq0OJ6l7ns3XcRUAj9MkVbRlw_L1HMRb_T6jhovpXQGwrPr_z8mqprl6C&fb_obo=1&utld=facebook.com&stp=c0.5000x0.5000f_dst-emg0_p64x64_q75_tt6&edm=AOgd6ZUEAAAA&_nc_gid=OVS8VGhq4by0Hp0-mr8DbA&_nc_oc=AdpKMWvQ0dLmJfAPai-MmRWikkxSY2PShV0_JktKHzCBLuOaREakbaICZ20RjefCUg0&ccb=13-1&oh=06_Q3--AdK0TVQc7P81lGR5cMQZ3H_a0D0kq2TW0zJvl6Jcq1wC&oe=69D92447&_nc_sid=58080a
MEA,3,Static_O-Strong-Foundations_V2-,MEA_AKT_FB_Leads_Conv_Interest_Maths_Engaged_shoppers_Parents_with_preteens_NA_Static_O-Strong-Foundations_V2-121225,MEA_AKT_FB_Leads_Conv_Interest_Maths_Engaged_shoppers_Parents_with_preteens_20-Oct-2025,39.0,22.0,13.0,11408.0,19305.0,0.6,158.0,250965.0,,,,,,,,https://scontent-bom2-3.xx.fbcdn.net/v/t45.1600-4/599377668_4282420001998133_1542277552829226105_n.png?_nc_cat=103&ccb=1-7&_nc_ohc=eY5a95z4dFoQ7kNvwGYiHFq&_nc_oc=AdpwJS7oBr1H8Kq5zFcfS04kijWtBWAab_xZ0Y8jWgGSAu6L_ODviv01svoCjMvtiig&_nc_zt=1&_nc_ht=scontent-bom2-3.xx&edm=AOgd6ZUEAAAA&_nc_gid=OVS8VGhq4by0Hp0-mr8DbA&_nc_tpa=Q5bMBQER8g3TlyxPnlU7xQbn_Nkd9Mi78tkFrTPMESJzR0Lk-4JvG0xtG35G3EVJBAnCajFI5K-Ii-AW&stp=c0.5000x0.5000f_dst-emg0_p64x64_q75_tt6&ur=52f3c4&_nc_sid=58080a&oh=00_Af0s-aP3MINe-Ua4FEJ8arWMLFtKsxm04bPhLb2WpoTfzA&oe=69DD2BAD
MEA,4,Video_Updated-Testimonial-Amyra-Parent-26s,Mea_PFX_FB_Leads-Conv_NA_Int-Female_LeadGen_NA_Video_Updated-Testimonial-Amyra-Parent-26s_061025,Mea_PFX_FB_Leads_Conv_Int_Female_Pri/Sec/Parents+Premium_35-55_LeadGen_061025,30.0,12.0,11.0,14045.0,15321.0,0.83,220.0,168534.0,,,,,,,,https://scontent-bom2-3.xx.fbcdn.net/v/t15.5256-10/560510120_819059860559507_9038271188070599911_n.jpg?_nc_cat=101&ccb=1-7&_nc_ohc=UuT26817J8sQ7kNvwHtxSMM&_nc_oc=Adq0x3Jsm62pHJa5vDaQssrh8eqAMnK-7oxY7H_eeFELpO2gv0BseBdhHZcYOGparcQ&_nc_zt=23&_nc_ht=scontent-bom2-3.xx&edm=AOgd6ZUEAAAA&_nc_gid=dpqtZdj3n-1fuLQ9WNlk_g&_nc_tpa=Q5bMBQEz9WaNnYjpQE_v7ANOly2xWV5S95FEbJgRogwOz7owcaPgo2JH8KILvHDk0axCFD1eo7StaKBq&stp=c0.5000x0.5000f_dst-emg0_p64x64_q75_tt6&ur=b696e2&_nc_sid=58080a&oh=00_Af3LzmT4uy5z0pF3jIoP0Oa94TkTMft3bJO-E9iQK7unLw&oe=69DD26AE
MEA,5,Static-Loved-by-UAE-Families-,MEA_AKT_FB_Leads_Conv_Interest_Maths_Engaged_shoppers_Parents_with_preteens_NA_Static-Loved-by-UAE-Families-14-Nov-2025,MEA_AKT_FB_Leads_Conv_Interest_Maths_Engaged_shoppers_Parents_with_preteens_20-Oct-2025,16.0,9.0,5.0,11346.0,20423.0,0.64,136.0,102113.0,,,,,,,,https://scontent-bom5-1.xx.fbcdn.net/v/t45.1600-4/573413894_4241125789460888_2838186349847216652_n.png?_nc_cat=111&ccb=1-7&_nc_ohc=Nz_hI5ihFAgQ7kNvwEWbXCr&_nc_oc=Adru_7ZDuTvUxiAOMRSW0whnjxxn_ehPoGt5CwPlfghhmoFSjqt1HyeQoEt5ukGOIpo&_nc_zt=1&_nc_ht=scontent-bom5-1.xx&edm=AOgd6ZUEAAAA&_nc_gid=OVS8VGhq4by0Hp0-mr8DbA&_nc_tpa=Q5bMBQEG7hrwfEAClM--QyBN3_Ql-SEa3ojjfoYskJbSFBiWMJ9tt112OkuJzfmmhxWLT6RadSdz7ZBn&stp=c0.5000x0.5000f_dst-emg0_p64x64_q75_tt6&ur=52f3c4&_nc_sid=58080a&oh=00_Af1vkgHMh7eDLzS93OAZZcD0dsPS37LLwO94wobEWnFWlQ&oe=69DD068E
MEA,6,Static_Y-Girl-MathFit,Mea_PFX_FB_Leads-Conv_AD-DH-Sha-Cities_Int-Premium_LeadGen_NA_Static_Y-Girl-MathFit_240925,Mea_PFX_FB_Leads_Conv_AD-DH-Sha-Cities_Int_Premium_35-55_LeadGen_290825,28.0,14.0,8.0,12210.0,21368.0,0.64,268.0,170944.0,,,,,,,,https://scontent-bom5-1.xx.fbcdn.net/v/t45.1600-4/552887166_122119833596965638_1916190232030995480_n.png?_nc_cat=105&ccb=1-7&_nc_ohc=j1MZVxZH_BkQ7kNvwEEOtVW&_nc_oc=AdqwizVOyyZQdtgw0v3d8bvEC8T3ptgbRASVcfGQmauEtSC9wQhMXnA2JNXQtya6i_c&_nc_zt=1&_nc_ht=scontent-bom5-1.xx&edm=AOgd6ZUEAAAA&_nc_gid=f2HdrKt8kbNQjhsyK5Zpng&_nc_tpa=Q5bMBQHshYB8MvDoTRLq8-En4nLUbPAqjsOuJf6qhxw6r6j3jIuCgEDahx6HnaVq5OtVDyCLmBPpvq2e&stp=c0.5000x0.5000f_dst-emg0_p64x64_q75_tt6&ur=52f3c4&_nc_sid=58080a&oh=00_Af3ZRjkFSIXu2nthhbUaynO-p_SmFkqpniZwHqZPMMR-WA&oe=69DD14A1
MEA,7,Video_Updated-Testimonial-Surveen-15s,Mea_PFX_FB_Leads-Conv_AD-DH-Sha-Cities_Int-Premium_LeadGen_NA_Video_Updated-Testimonial-Surveen-15s_170925,Mea_PFX_FB_Leads_Conv_AD-DH-Sha-Cities_Int_Premium_35-55_LeadGen_290825,71.0,37.0,24.0,14208.0,21904.0,0.56,189.0,525688.0,,,,,,,,https://scontent-bom2-3.xx.fbcdn.net/v/t15.5256-10/548495558_810378674799975_28580898571887801_n.jpg?_nc_cat=103&ccb=1-7&_nc_ohc=IS6UlwKK_mwQ7kNvwHCDsEz&_nc_oc=Ado3ZENIeQcEZ_3BMuAPQq5n8_Rg8JmQJar2iVWirtIys-m_39GSPcvJMpZOwjSKJnE&_nc_zt=23&_nc_ht=scontent-bom2-3.xx&edm=AOgd6ZUEAAAA&_nc_gid=OVS8VGhq4by0Hp0-mr8DbA&_nc_tpa=Q5bMBQEC2wXMm0VfuZvz-cGcwG1pyeeDHegsiGn78ngAskt4mjASWwX6OuxtXHd_z3QQmKuQ5JXkr5wT&stp=c0.5000x0.5000f_dst-emg0_p64x64_q75_tt6&ur=b696e2&_nc_sid=58080a&oh=00_Af1PAFisOx4aiKanBfpivHVadei6jQyj_S5aMkKuIz2Lzw&oe=69DD314F
MEA,8,Video-English-Testimonial-Kasi-Madi-,MEA_FB_Leads_Advantage+Non-OTP_form_LeadGen_NA_Video-English-Testimonial-Kasi-Madi-28-Nov-2025,MEA_FB_Leads_Advantage+Non-OTP_form_LeadGen_24_Nov_2025,38.0,19.0,12.0,14335.0,22698.0,0.83,85.0,272372.0,,,,,,,,https://scontent-bom5-1.xx.fbcdn.net/v/t15.5256-10/591431722_867318832488768_1930730765848973991_n.jpg?_nc_cat=110&ccb=1-7&_nc_ohc=75g6U_-K3NIQ7kNvwEKYp0P&_nc_oc=Adq6NFu32T28nEPxrk-CgZJZ6ZPn-J1mSdBUWHj27mXxdAoG1kkbXnCIscrK0FSlGOM&_nc_zt=23&_nc_ht=scontent-bom5-1.xx&edm=AOgd6ZUEAAAA&_nc_gid=OVS8VGhq4by0Hp0-mr8DbA&_nc_tpa=Q5bMBQGZst8i6J6wddDP8mzrNxitF3tKG-X_lAMXHmYEckM0KAcpOOkI2fmTGt15VAssaomjuNc7JKod&stp=c0.5000x0.5000f_dst-emg0_p64x64_q75_tt6&ur=b696e2&_nc_sid=58080a&oh=00_Af3Sg1K7AMcHfeGujs0-d9mTs9-42uzDIgIRek2MdJee3w&oe=69DD35EE
MEA,9,Video-Webinar3-,MEA_AKT_FB_Leads_Conv_Cities_Int_Premium_Brands-New-Creatives-35-55_LeadGen_NA_Video-Webinar3-07-Nov-2025,MEA_AKT_FB_Leads_Conv_Cities_Int_Premium_Brands-New-Creatives-35-55_LeadGen_05-Nov-2025,26.0,15.0,8.0,13466.0,25249.0,1.07,93.0,201994.0,,,,,,,,https://scontent-bom2-4.xx.fbcdn.net/v/t15.5256-10/577606293_4335191043424248_6900479314077847108_n.jpg?_nc_cat=106&ccb=1-7&_nc_ohc=DgVG_eOLYEkQ7kNvwHZ6sbJ&_nc_oc=Adqmm8dbsm59z--Og2w3pz9tsVRTW-d5Eekx49b4m_zqHyACCq88cq9oPEDJbq3ne9Q&_nc_zt=23&_nc_ht=scontent-bom2-4.xx&edm=AOgd6ZUEAAAA&_nc_gid=Ess95SXkz0bWRFnAxjeseg&_nc_tpa=Q5bMBQHfh23G83O927KHoAG62t_AWeRpPxrnsdy38x2WgC3Ld2jwS1-D0rP9HTrodSh2KtCkUu_1vaBq&stp=c0.5000x0.5000f_dst-emg0_p64x64_q75_tt6&ur=b696e2&_nc_sid=58080a&oh=00_Af2FrK2M0dJxoQ-tUNkBkIlwgjUUYjCRhDRnHyoq0NSD1g&oe=69DD0CCB
MEA,10,Static_O-Strong-Foundations,MEA_AKT_FB_Leads_Conv_Interest_Maths_Engaged_shoppers_Parents_with_preteens_NA_Static_O-Strong-Foundations_20-Oct-2025,MEA_AKT_FB_Leads_Conv_Interest_Maths_Engaged_shoppers_Parents_with_preteens_20-Oct-2025,41.0,20.0,10.0,14730.0,29460.0,0.63,175.0,294604.0,,,,,,,,https://scontent-bom2-3.xx.fbcdn.net/v/t45.1600-4/599377668_4282420001998133_1542277552829226105_n.png?_nc_cat=103&ccb=1-7&_nc_ohc=eY5a95z4dFoQ7kNvwGaaZVl&_nc_oc=AdpkJ49wVQfc1RKkI34CHim_YK5eA6XigdxHAykxH9A1-Q8rWK6kBua89CCeln23rtk&_nc_zt=1&_nc_ht=scontent-bom2-3.xx&edm=AOgd6ZUEAAAA&_nc_gid=C_WGYgjUfO26Bc7gxTilNQ&_nc_tpa=Q5bMBQHR5GCqBzQlkhYpZX80F1cwJK80_0gcD-CNTYS2Nvp5066ACbXAo3bCHwjY_UNjQxFCWtLyobi6&stp=c0.5000x0.5000f_dst-emg0_p64x64_q75_tt6&ur=52f3c4&_nc_sid=58080a&oh=00_Af06I2WU09HaNjgVK9NxD54WlYjszaLCwrko9zisH0AHhQ&oe=69DD2BAD
MEA,11,Video_Updated-Testimonial-Surveen-15s,Mea_PFX_FB_Leads-Conv_NA_Int-Female_LeadGen_NA_Video_Updated-Testimonial-Surveen-15s_070326,Mea_PFX_FB_Leads_Conv_Int_Female_Pri/Sec/Parents+Premium_35-55_LeadGen_061025,39.0,17.0,6.0,12219.0,34620.0,0.61,135.0,207719.0,Testimonial,Video,Parent,UGC,Interest (BAU),Confidence | Grades & School | Parent Peace of Mind,English,https://scontent-bom2-3.xx.fbcdn.net/v/t15.5256-10/548495558_810378674799975_28580898571887801_n.jpg?_nc_cat=103&ccb=1-7&_nc_ohc=IS6UlwKK_mwQ7kNvwFEvwRS&_nc_oc=AdrvdJFhlGI5Z9Stwuy2J34uk0SvuSaNefYOQwzpcurwAY7g0UdqYSPN0vM5hfJXTlo&_nc_zt=23&_nc_ht=scontent-bom2-3.xx&edm=AAwGEdEEAAAA&_nc_gid=1vSTsn8IFgtiqnz36mfmLw&_nc_tpa=Q5bMBQFiNK-Z85yToOoUTj9RKewf_uBe5Rp5lgXW0_XEEWcl2g79llKfunAEa05TcHVJmGzosCNsHekz&stp=c0.5000x0.5000f_dst-emg0_p64x64_q75_tt6&ur=b696e2&_nc_sid=58080a&oh=00_Af1NLPIa381bo9Sn6MPrbSel6Y66G26iuhQXlZUh074Xgg&oe=69DD314F
MEA,12,Video_Updated-Testimonial-Amyra-Parent-26s,MEA_FB_Leads_Advantage+Non-OTP_form_LeadGen_NA_Video_Updated-Testimonial-Amyra-Parent-26s_24-Nov-2025,MEA_FB_Leads_Advantage+Non-OTP_form_LeadGen_24_Nov_2025,27.0,14.0,7.0,15478.0,30956.0,0.53,93.0,216691.0,,,,,,,,https://scontent-bom2-3.xx.fbcdn.net/v/t15.5256-10/560510120_819059860559507_9038271188070599911_n.jpg?_nc_cat=101&ccb=1-7&_nc_ohc=UuT26817J8sQ7kNvwHtxSMM&_nc_oc=Adq0x3Jsm62pHJa5vDaQssrh8eqAMnK-7oxY7H_eeFELpO2gv0BseBdhHZcYOGparcQ&_nc_zt=23&_nc_ht=scontent-bom2-3.xx&edm=AOgd6ZUEAAAA&_nc_gid=f2HdrKt8kbNQjhsyK5Zpng&_nc_tpa=Q5bMBQH7jrTNDGtWT0NUBCB3Sz88nrKasj6qpq3o_KMCzDni0ikzhD0rlRNN4yYrCXucFSH9nrlhSzFV&stp=c0.5000x0.5000f_dst-emg0_p64x64_q75_tt6&ur=b696e2&_nc_sid=58080a&oh=00_Af0nP-GdmRsDXL-muFqOZdyUOgOMwe0j2e27XALM78iy4g&oe=69DD26AE
MEA,13,Video_Updated-Testimonial-Amyra-Parent-26s,Mea_PFX_FB_Leads-Conv_NA_Int-Female_LeadGen_NA_Video_Updated-Testimonial-Amyra-Parent-26s_070326,Mea_PFX_FB_Leads_Conv_Int_Female_Pri/Sec/Parents+Premium_35-55_LeadGen_061025,46.0,17.0,9.0,19691.0,37193.0,0.63,163.0,334739.0,Testimonial,Video,Parent,Studio,Interest (BAU),Parent Peace of Mind,English,https://scontent-bom2-3.xx.fbcdn.net/v/t15.5256-10/560510120_819059860559507_9038271188070599911_n.jpg?_nc_cat=101&ccb=1-7&_nc_ohc=UuT26817J8sQ7kNvwGJlx-w&_nc_oc=AdoCWCsFQbBBmAs0BBk_hyYYc18ZISMPT6QwzEuOw7niHYlTCa5cxhWXsJSfP31tWx4&_nc_zt=23&_nc_ht=scontent-bom2-3.xx&edm=AOgd6ZUEAAAA&_nc_gid=ETpmicOpeMEJpsaq9lKtPg&_nc_tpa=Q5bMBQHnBtM2hvLmyUjJhSD-ZpaV1OQcgIqFEbM0EU-tU3qKbtX5JTifXThbzvV5SzRVKMWo2zu4HZu0&stp=c0.5000x0.5000f_dst-emg0_p64x64_q75_tt6&ur=b696e2&_nc_sid=58080a&oh=00_Af1aBPoy836_bma6ZSBvQnRpWL4LwvJayqiNaqv84s-VAA&oe=69DD26AE
MEA,14,Video_Updated-Testimonial-Jasleen-15s,Mea_PFX_FB_Leads-Conv_AD-DH-Sha-Cities_Int-Premium_LeadGen_NA_Video_Updated-Testimonial-Jasleen-15s_170925,Mea_PFX_FB_Leads_Conv_AD-DH-Sha-Cities_Int_Premium_35-55_LeadGen_290825,12.0,5.0,3.0,26823.0,44704.0,0.58,230.0,134113.0,,,,,,,,https://scontent-bom5-2.xx.fbcdn.net/v/t15.5256-10/550326518_1900776840803158_2129405953396650225_n.jpg?_nc_cat=100&ccb=1-7&_nc_ohc=tvho1EaPtPoQ7kNvwH3Xvde&_nc_oc=Adp7CfczUBOljxGwNXbeeGhIpTUeP5nMCBBjsZ56PJitsO8jAIZAbhHTYZCbeP3TAXs&_nc_zt=23&_nc_ht=scontent-bom5-2.xx&edm=AOgd6ZUEAAAA&_nc_gid=OVS8VGhq4by0Hp0-mr8DbA&_nc_tpa=Q5bMBQG1V0aVn0Raw6PBbvP6ds6M8dJebJ01PgJVWdV-6BVxGNyfC7NS2UGXBGQvkgRs1dnYNs7haA6S&stp=c0.5000x0.5000f_dst-emg0_p64x64_q75_tt6&ur=b696e2&_nc_sid=58080a&oh=00_Af1mBSjhmNfZcCGFRM7FVDY-FQBTuvtpxdlW1zC94yIpJw&oe=69DD2679
ROW,1,LAL-PayU_New-Zealand_Video_Testimonial-Vandana,ANZ-NZ_FB_Leads_Conv_LAL-PayU_New-Zealand_Video_Testimonial-Vandana_310126,ANZ-NZ_FB_Leads_Conv_PayU_New-Zealand_Form_Video-Testimonials_310126,10.0,8.0,7.0,12844.0,14679.0,0.44,162.0,102754.0,Testimonial,Video,Parent,UGC,Lookalike (BAU),Grades & School,English,
ROW,2,LAL-PayU_New-Zealand_Video_Testimonial-Gunjan-Video-V2,ANZ-NZ_FB_Leads_Conv_LAL-PayU_New-Zealand_Video_Testimonial-Gunjan-Video-V2_310126,ANZ-NZ_FB_Leads_Conv_PayU_New-Zealand_Form_Video-Testimonials_310126,34.0,24.0,10.0,12194.0,29265.0,0.44,192.0,292652.0,Testimonial,Video,Parent,UGC,Lookalike (BAU),Grades & School,English,
ROW,3,int4C_Singapore_Video_Mother-Video-V2,ANZ-SG_FB_Leads_Conv_int4C_Singapore_Video_Mother-Video-V2_050226,ANZ-SG_FB_Leads_Conv_int4C_Singapore_Form_Shoot-Videos_050226,22.0,12.0,6.0,15883.0,31766.0,0.53,376.0,190594.0,Testimonial,Video,Parent,UGC,Interest (BAU),Confidence | Grades & School | Foundation Building,English,
ROW,4,HNI_New-Zealand_Video_Mother-Video-V2,ANZ-NZ_FB_Leads_Conv_HNI_New-Zealand_Video_Mother-Video-V2_140226,ANZ-NZ_FB_Leads_Conv_HNI_New-Zealand_Form_Shoot-Videos_140226,11.0,6.0,5.0,19257.0,23108.0,0.58,153.0,115541.0,Testimonial,Video,Parent,UGC,HNI (BAU),Confidence | Grades & School | Foundation Building,English,
ROW,5,LAL-PayU_New-Zealand_Video_Testimonial-Anushree,ANZ-NZ_FB_Leads_Conv_LAL-PayU_New-Zealand_Video_Testimonial-Anushree_170226,ANZ-NZ_FB_Leads_Conv_PayU_New-Zealand_Form_Video-Testimonials_310126,11.0,5.0,3.0,19880.0,33134.0,0.53,148.0,99401.0,Testimonial,Video,Parent,UGC,Lookalike (BAU),Confidence | Grades & School | Foundation Building,English,
ROW,6,Parents-Pri+Sec_Australia_Form_Static_Classroom-Math,ANZ-NZ_FB_Leads_Conv_Parents-Pri+Sec_Australia_Form_Static_Classroom-Math_280126,ANZ-NZ_FB_Leads_Conv_Parents-Pri+Sec_Australia_Form_Static_280126,18.0,5.0,2.0,19051.0,47628.0,0.77,143.0,95256.0,Graphic Explainer,Static,None,Static Graphic,"ANZ-NZ_FB_Leads_Conv_Parents_LeadGen_280 (BAU, unclassified)",Foundation Building,English,
ROW,7,HNI_New-Zealand_Video_Cuemath-Hero-5-21s,ANZ-NZ_FB_Leads_Conv_HNI_New-Zealand_Video_Cuemath-Hero-5-21s_140226,ANZ-NZ_FB_Leads_Conv_HNI_New-Zealand_Form_Shoot-Videos_140226,14.0,5.0,2.0,24888.0,62220.0,0.44,179.0,124441.0,Product Demo,Video,None,Animated,HNI (BAU),Thinking vs Calculating,English,
ROW,8,HNI_New-Zealand_Video_Tamil-Parent-Shoot-in-English,ANZ-NZ_FB_Leads_Conv_HNI_New-Zealand_Video_Tamil-Parent-Shoot-in-English_140226,ANZ-NZ_FB_Leads_Conv_HNI_New-Zealand_Form_Shoot-Videos_140226,27.0,6.0,2.0,33436.0,100308.0,0.78,128.0,200617.0,Testimonial,Video,Parent,Studio,HNI (BAU),Grades & School,Tamil,
US,1,Video_Testimonial-Kiran-22s-Telugu,USA_PFX_FB_Leads-Conv_NA_Int-Expats-Telugu_LeadGen_NA_Video_Testimonial-Kiran-22s-Telugu_101125,USA_AKT_FB_Leads_Conv_Int_Expats-Telugu_35-55_LeadGen_251225,11.0,7.0,4.0,12840.0,22471.0,0.55,241.0,89882.0,Testimonial,Video,Parent,UGC,NRI (BAU),Grades & School,Telugu,
US,2,Video_Testimonial-3Kiran-Rohini-30s-Telugu,USA_PFX_FB_Leads_Conv_Advantage+Audience_Telugu_LeadGen_NA_Video_Testimonial-3Kiran-Rohini-30s-Telugu_210825,USA_PFX_FB_Leads_Conv_Advantage+Audience_Telugu_35-55_LeadGen_141025,11.0,7.0,3.0,11653.0,27190.0,0.64,207.0,81569.0,Testimonial,Video,Parent,UGC,Vernacular (BAU),Grades & School,Telugu,
US,3,Static-India-Best-Math-Tutors-,USA_FB_Leads_Conv_LAL_PayU_New_Audience_35-55_NRI_Contextual_Statics_LeadGen_NA_Static-India-Best-Math-Tutors-180226,USA_FB_Leads_Conv_LAL_PayU_New_Audience_35-55_NRI_Contextual_Statics_LeadGen_180226,10.0,5.0,3.0,15596.0,25993.0,0.57,328.0,77980.0,Graphic Explainer,Static,None,Static Graphic,Lookalike (BAU),Tutor Quality,English,
US,4,High-School-SAT-Prep-Manan-Sir-Video-,USA_FB_Leads_Conv_LAL_Enrolled_35-55_High_School_LeadGen_NA_High-School-SAT-Prep-Manan-Sir-Video-130126,USA_FB_Leads_Conv_LAL_Enrolled_35-55_High_School_LeadGen_130126,30.0,13.0,9.0,16600.0,23978.0,0.6,255.0,215803.0,Talking Head,Video,Tutor,Studio,Lookalike (BAU),Competition Prep,English,https://scontent-bom2-4.xx.fbcdn.net/v/t15.5256-10/596751026_1605269040620393_8737284053244476911_n.jpg?_nc_cat=106&ccb=1-7&_nc_ohc=KkcD0ivbP6kQ7kNvwFZwg9b&_nc_oc=Ado5eBUczPMSUkFlJyJjA0sylIeOCw9ujgS9d1m4SHYSaf7_fl85cEnvJ5M60fWGW5M&_nc_zt=23&_nc_ht=scontent-bom2-4.xx&edm=AOgd6ZUEAAAA&_nc_gid=UD-QK8P8cIr9x_o-HF8qnA&_nc_tpa=Q5bMBQFmi0rXWmAPDyEupHbONJ417mWaf-t4zf4uyMQDCaYaX6KG-RCNyK6l8Z0QpWqpHavKLDRwUqQG&stp=c0.5000x0.5000f_dst-emg0_p64x64_q75_tt6&ur=b696e2&_nc_sid=58080a&oh=00_Af3o6s4oD0oq-oih3p6Fg74NV3v5_HkBptRN-mHlaI0xGA&oe=69DD1F08
US,5,Static-High-School-Algebra-to-AP-Calculus-,USA_FB_Leads_Conv_PayU_New_Audience_35-55_Statics_High_School_New_Concepts_LeadGen_NA_Static-High-School-Algebra-to-AP-Calculus-170426,USA_FB_Leads_Conv_PayU_New_Audience_35-55_Statics_High_School_New_Concepts_LeadGen_170426,21.0,7.0,2.0,14871.0,52050.0,0.87,224.0,104100.0,,,,,,,,
US,6,Static-Top-Indian-Tutors-,USA_FB_Leads_Conv_LAL_Enrolled_35-55_Republic_Day_LeadGen_NA_Static-Top-Indian-Tutors-200126,USA_FB_Leads_Conv_LAL_Enrolled_35-55_Republic_Day_LeadGen_200126,34.0,11.0,9.0,25151.0,30740.0,0.66,384.0,276657.0,Graphic Explainer,Static,Child,Static Graphic,Lookalike (BAU),Tutor Quality | Parent Peace of Mind,English,https://scontent-bom2-1.xx.fbcdn.net/v/t45.1600-4/620216238_4319938968246236_7527300137863167646_n.png?_nc_cat=107&ccb=1-7&_nc_ohc=1pIxfjTVbCIQ7kNvwEpox_1&_nc_oc=Ado3Qe1mW0sky5OjpTGNJ1evnIjRf3qUUVQm87KMSyVepUnsKywb4GPmFXXELhy3-YE&_nc_zt=1&_nc_ht=scontent-bom2-1.xx&edm=AOgd6ZUEAAAA&_nc_gid=UD-QK8P8cIr9x_o-HF8qnA&_nc_tpa=Q5bMBQHAqmB04p-MCQxLumYVTo_5u8RPY65mQ02qbeCrjs5KPja0mLN5jU8Gg15Rc9WtO1mSnWwpsgpB&stp=c0.5000x0.5000f_dst-emg0_p64x64_q75_tt6&ur=52f3c4&_nc_sid=58080a&oh=00_Af3B1aHNMkCczpobJoBTlP-02cv_8ski69hqJfQtVrzZiQ&oe=69DD1928
US,7,LAL_0-2%_Engaged_Priyanshul_IG_video,USA_PFX_FB_Leads_Conv_LAL_0-2%_Engaged_Priyanshul_IG_video_290126,USA_PFX_FB_Leads_Conv_LAL_0-2%_Engaged_priyanshul_LeadGen_131025,69.0,25.0,14.0,22273.0,39774.0,1.96,105.0,556831.0,Testimonial,Video,Influencer,UGC,Influencer (BAU),Grades & School,English,https://scontent-bom5-2.xx.fbcdn.net/v/t15.5256-10/623232323_1260895672535753_1971418300783412117_n.jpg?_nc_cat=104&ccb=1-7&_nc_ohc=PGOZpLjaH2AQ7kNvwFYgCFb&_nc_oc=AdrQuBcyDzhNXAWHNh2HnKWbpi3f0BI8VfqvCgqzuJtqCgKCpn8gvKzOa0TvAleXytA&_nc_zt=23&_nc_ht=scontent-bom5-2.xx&edm=AOgd6ZUEAAAA&_nc_gid=ds9JS8wuUAMftyGdPAJlCQ&_nc_tpa=Q5bMBQHJM3KtRutW8nRuFkViGvsI39xCbwFQmglufIGfA0fMNMI_7xU1eY2blizAWL_RoZPyszTOnDO6&stp=c0.5000x0.5000f_dst-emg0_p64x64_q75_tt6&ur=a7ce7f&_nc_sid=58080a&oh=00_Af1V0ODfmIGruoVFOCF3sn5mB3VEKRmgkZ53JesihEo0Eg&oe=69DD3997
US,8,Video_Testimonial-Kaasi-22s-Telugu,USA_PFX_FB_Leads-Conv_NA_Int-Expats-Telugu_LeadGen_NA_Video_Testimonial-Kaasi-22s-Telugu_100825,USA_AKT_FB_Leads_Conv_Int_Expats-Telugu_35-55_LeadGen_251225,17.0,8.0,6.0,25283.0,33711.0,0.53,323.0,202265.0,Testimonial,Video,Parent,UGC,NRI (BAU),Grades & School,Telugu,
US,9,Video_Testimonial-Lakshami-32s-Telugu,USA_PFX_FB_Leads_Conv_Advantage+Audience_Telugu_LeadGen_NA_Video_Testimonial-Lakshami-32s-Telugu_050925,USA_PFX_FB_Leads_Conv_Advantage+Audience_Telugu_35-55_LeadGen_141025,62.0,22.0,14.0,23970.0,37668.0,0.85,247.0,527349.0,Testimonial,Video,Parent,UGC,Vernacular (BAU),Confidence | Grades & School | Parent Peace of Mind,Telugu,https://scontent-bom5-2.xx.fbcdn.net/v/t15.13418-10/543554043_1963832357769923_6297716508430990173_n.jpg?_nc_cat=108&ccb=1-7&_nc_ohc=iWHj78CPCAgQ7kNvwEBld65&_nc_oc=AdpM2RmAe2UOE7DIJjpf5jHu31mclHjdr-L-TqoksmUK_eUtHR3D6SAz5RcEPCQe3PE&_nc_zt=23&_nc_ht=scontent-bom5-2.xx&edm=AOgd6ZUEAAAA&_nc_gid=QOjF6HbMMbJv8G5HO1acPQ&_nc_tpa=Q5bMBQFBASAR4WasB4jgMi8Zv3pPA4jKFjS6UMoPlIrVZfKLfrn3H-f_2xZAwsCUcSGeUhMdh1Eg_8SJ&stp=c0.5000x0.5000f_dst-emg0_p64x64_q75_tt6&ur=c3b633&_nc_sid=58080a&oh=00_Af2QYIpBHUjSS1dt_xlSxO-GCTHwtpO-dyfdAI6IvWNuaw&oe=69DD21D4
US,10,Static-2026-Stands-for-Math-Confidence-,USA_FB_Leads_Conv_LAL_Enrolled_35-55_New-Year_LeadGen_NA_Static-2026-Stands-for-Math-Confidence-221225,USA_FB_Leads_Conv_LAL_Enrolled_35-55_New-Year_LeadGen_050126,36.0,12.0,6.0,22786.0,45573.0,0.69,307.0,273435.0,Graphic Explainer,Static,None,Static Graphic,Lookalike (BAU),Confidence,English,https://scontent-bom2-4.xx.fbcdn.net/v/t45.1600-4/602328352_4291719501068183_276999638540399657_n.png?_nc_cat=106&ccb=1-7&_nc_ohc=Hd9HprygCegQ7kNvwEWjdNb&_nc_oc=Adob4q9Rzele0l1Lz6F6wIxW16DmykOcji2d5_7JiutmXqc7ocnP5o-gGFwgctys8nI&_nc_zt=1&_nc_ht=scontent-bom2-4.xx&edm=AOgd6ZUEAAAA&_nc_gid=UD-QK8P8cIr9x_o-HF8qnA&_nc_tpa=Q5bMBQE3KIsPio-iHLdvoJ4RIihSN0iAE9mral9wsn7oUUm4EJYx3gd4Oy92nuNk8zfimNiGVHZbv_WH&stp=c0.5000x0.5000f_dst-emg0_p64x64_q75_tt6&ur=52f3c4&_nc_sid=58080a&oh=00_Af1EuNyxcBm7BGUGjg14v0-qqTHDfuMD1dtwMmiVCtaabw&oe=69DD1B15
US,11,Video_English_Testimonial_Jyoti_Sharma_Grade2,USA_FB_Leads_Conv_PayU_New_Audience_35-55_LeadGen_NA_Video_English_Testimonial_Jyoti_Sharma_Grade2_060426,USA_FB_Leads_Conv_PayU_New_Audience_35-55_LeadGen_060426,19.0,8.0,5.0,25023.0,40037.0,1.06,174.0,200183.0,Testimonial,Video,Parent,UGC,Lookalike (BAU),Grades & School,English,
US,12,Video_Testimonial-Kiran-22s-Telugu,USA_PFX_FB_Leads_Conv_Advantage+Audience_Telugu_LeadGen_NA_Video_Testimonial-Kiran-22s-Telugu_101125,USA_PFX_FB_Leads_Conv_Advantage+Audience_Telugu_35-55_LeadGen_141025,61.0,20.0,10.0,25777.0,51555.0,0.86,213.0,515547.0,Testimonial,Video,Parent,UGC,Vernacular (BAU),Grades & School,Telugu,https://external-bom5-2.xx.fbcdn.net/emg1/v/t13/18326104501581375282?url=https%3A%2F%2Fwww.facebook.com%2Fads%2Fimage%2F%3Fd%3DAQK0EwsjmhTnov40FMGVBRAMwlXuq2co9OWmagq4GJ-Oz4ZnKGU21YkvpZ9GYMkAs7Z55HINup6Z8q1fV9wGmZesM8TaJFzGbgRSR8D-WzlhMvxyu0vfrmJCaDb9U77FY5HjFAJXORZtjH9vujVz5Tmx&fb_obo=1&utld=facebook.com&stp=c0.5000x0.5000f_dst-emg0_p64x64_q75_tt6&edm=AOgd6ZUEAAAA&_nc_gid=QOjF6HbMMbJv8G5HO1acPQ&_nc_oc=AdrmsYYSc3DDJnYxnnlvFIbCkOWlYOfRH4a7daASJcpwV6VsTPaxto6M7UyyM1mY6_c&ccb=13-1&oh=06_Q3--AZrWM4htV2nLRI2xCEiNc0slQ96oHHY3wHbSwMqh9qKX&oe=69D9245F&_nc_sid=58080a
US,13,Static-Top-Indian-tutors-NRI-Ad2-,USA_FB_Leads_Conv_LAL_Enrolled_35-55_NRI_Contextual_Statics_LeadGen_NA_Static-Top-Indian-tutors-NRI-Ad2-230126,USA_FB_Leads_Conv_LAL_Enrolled_35-55_NRI_Contextual_Statics_LeadGen_230126,16.0,5.0,2.0,24304.0,60759.0,0.65,341.0,121518.0,Graphic Explainer,Static,None,Static Graphic,Lookalike (BAU),Tutor Quality,English,
US,14,Static-starting-at-$20-per-class-,USA_FB_Leads_Conv_LAL_Enrolled_35-55_Pricing_Creatives_LeadGen_NA_Static-starting-at-$20-per-class-220126,USA_FB_Leads_Conv_LAL_Enrolled_35-55_Pricing_Creatives_LeadGen_190126,21.0,8.0,3.0,25832.0,68884.0,0.55,365.0,206652.0,Static Graphic,Static,Child,Static Graphic,Lookalike (BAU),Parent Peace of Mind,English,https://scontent-bom5-1.xx.fbcdn.net/v/t45.1600-4/619491556_4320843721489094_7352582004625856203_n.png?_nc_cat=105&ccb=1-7&_nc_ohc=Docz6LX050QQ7kNvwFX6JO5&_nc_oc=AdrkTgIi_RNt4PS_HeHG7dQbzsQdbF3dNsQ8u4AIh1ijPbzuXmsHR2GsdYgAvZFrnlQ&_nc_zt=1&_nc_ht=scontent-bom5-1.xx&edm=AOgd6ZUEAAAA&_nc_gid=UD-QK8P8cIr9x_o-HF8qnA&_nc_tpa=Q5bMBQFiSoqbdxbRxTh8UAzOsPA4YyaGvLqAEnlkc9o_3WoVeC7jqBfqBBnb5UXf97gg05WD6tzYa1TB&stp=c0.5000x0.5000f_dst-emg0_p64x64_q75_tt6&ur=52f3c4&_nc_sid=58080a&oh=00_Af0B4p1CB3VAy0N7GZ9plysfM_8mO00ArMs_q8p9lG3mMQ&oe=69DD44A2
US,15,Video_Testimonial-Deepthi-31s-Telugu,USA_PFX_FB_Leads-Conv_NA_Int-Expats-Telugu_LeadGen_NA_Video_Testimonial-Deepthi-31s-Telugu_111125,USA_AKT_FB_Leads_Conv_Int_Expats-Telugu_35-55_LeadGen_251225,17.0,6.0,2.0,26086.0,78259.0,1.14,269.0,156518.0,Testimonial,Video,Influencer,UGC,NRI (BAU),Grades & School,Telugu,
US,16,Static-make-child-mathfit-,USA_FB_Leads_Conv_LAL_Enrolled_35-55_Republic_Day_LeadGen_NA_Static-make-child-mathfit-200126,USA_FB_Leads_Conv_LAL_Enrolled_35-55_Republic_Day_LeadGen_200126,24.0,6.0,3.0,32623.0,65246.0,0.71,365.0,195737.0,Graphic Explainer,Static,Child,Static Graphic,Lookalike (BAU),Foundation Building,English,https://scontent-bom5-1.xx.fbcdn.net/v/t45.1600-4/613722784_4311584755748324_4500421555014929140_n.png?_nc_cat=105&ccb=1-7&_nc_ohc=DqUyPOGtSI0Q7kNvwHobnNc&_nc_oc=AdppF0LvRe0TJVnclSkZLywDpwypqIRA3yyE2sHmN_KDsSIJriszFhCniy7bYqR_4Fg&_nc_zt=1&_nc_ht=scontent-bom5-1.xx&edm=AOgd6ZUEAAAA&_nc_gid=UD-QK8P8cIr9x_o-HF8qnA&_nc_tpa=Q5bMBQH7LSSbzuZys0TaYakpaeKFpG8ZqZPKLvaKUsPQLIM_eewOm7zxk4bkEKcwDls__hdETjn070PM&stp=c0.5000x0.5000f_dst-emg0_p64x64_q75_tt6&ur=52f3c4&_nc_sid=58080a&oh=00_Af2UMr3o4ilJ0lPCxFplWWauoRe8QAHq9Fzqi3GUofPNPw&oe=69DD3611
US,17,LAL_0-2%_Engaged_Priyanshul,USA_PFX_FB_Leads_Conv_LAL_0-2%_Engaged_Priyanshul_131025,USA_PFX_FB_Leads_Conv_LAL_0-2%_Engaged_priyanshul_LeadGen_131025,69.0,9.0,5.0,34288.0,61719.0,2.7,106.0,308595.0,Testimonial,Video,Influencer,UGC,Influencer (BAU),Grades & School,English,https://scontent-bom5-1.xx.fbcdn.net/v/t15.5256-10/617709806_1561799521605459_4944458421432841256_n.jpg?_nc_cat=109&ccb=1-7&_nc_ohc=zg2VhjYI3N4Q7kNvwFWB8tb&_nc_oc=AdoYxdnSJkDN7TPjmxZovPfXUG0O9ggAAmUjTme0P0CA2iCgUoHtz8gx_sosnep_ivM&_nc_zt=23&_nc_ht=scontent-bom5-1.xx&edm=AOgd6ZUEAAAA&_nc_gid=ds9JS8wuUAMftyGdPAJlCQ&_nc_tpa=Q5bMBQFeQqnaDMvKAw0XQz1MAwDQmlAYLuJi8Z_Lk7gbmXgmEwZzAfMccs-oO9TAcpj5Bsq67rt98fOt&stp=c0.5000x0.5000f_dst-emg0_p64x64_q75_tt6&ur=a7ce7f&_nc_sid=58080a&oh=00_Af2ygfsqbpZedKT1hE0x419MsJEzgPmPfGiQcXbIILRzGw&oe=69DD327A
US,18,Static_Balamaina_Math_Foundation,USA_AKT_FB_Leads_Conv_Advantage_Audience-Telugu_35-55_LeadGen_Telugu_Creatives_Telugu_copy_NA_Static_Balamaina_Math_Foundation_150126,USA_AKT_FB_Leads_Conv_Advantage_Audience-Telugu_35-55_LeadGen_Telugu_Creatives_Telugu_copy_090126,27.0,9.0,3.0,28580.0,85741.0,0.58,191.0,257223.0,Graphic Explainer,Static,None,Static Graphic,Vernacular (BAU),Foundation Building,Telugu,
US,19,Video_Testimonial-Ananth-29s-Telugu,USA_PFX_FB_Leads_Conv_Advantage+Audience_Telugu_LeadGen_NA_Video_Testimonial-Ananth-29s-Telugu_250925,USA_PFX_FB_Leads_Conv_Advantage+Audience_Telugu_35-55_LeadGen_141025,49.0,12.0,4.0,31084.0,93253.0,1.24,280.0,373011.0,Testimonial,Video,Parent,UGC,Vernacular (BAU),Grades & School,Telugu,https://scontent-bom2-1.xx.fbcdn.net/v/t15.13418-10/558177231_766547672824752_3949974139071582157_n.jpg?_nc_cat=107&ccb=1-7&_nc_ohc=JMQLgwVGt9oQ7kNvwHWIekw&_nc_oc=AdpgEI2KAJ0YgrrcZa8nHb3RyW_AjSj-v-plMlUz8JnzaiDjFPVaMS416-18_fac2IQ&_nc_zt=23&_nc_ht=scontent-bom2-1.xx&edm=AOgd6ZUEAAAA&_nc_gid=QOjF6HbMMbJv8G5HO1acPQ&_nc_tpa=Q5bMBQH9JViatdqmNQC2YWKScRO2sW-iLAhVFoRHHWoEAmCdWziYzfpG02QnWRrxPm1XLsO1cRjClLLH&stp=c0.5000x0.5000f_dst-emg0_p64x64_q75_tt6&ur=c3b633&_nc_sid=58080a&oh=00_Af1qCFYU16dvAdeTTU-OC2DqZqXqbDGEFFmQvZbFyZ-omg&oe=69DD2A8B
US,20,Video_English_Testimonial_Rishva_Patel,USA_FB_Leads_Conv_Razorpay_LAL_NRI_Audience_35-55_English_Testimonials_LeadGen_NA_Video_English_Testimonial_Rishva_Patel_200426,USA_FB_Leads_Conv_Razorpay_LAL_NRI_Audience_35-55_English_Testimonials_LeadGen_200426,19.0,7.0,2.0,28694.0,100430.0,0.61,283.0,200860.0,,,,,,,,
