Month,Season,School Phase,Event / Occasion,Category,Sub-Type,Target Audience,Ad Angle / Hook,Platform Fit,Priority
Jan,Winter,Mid-Year / Term 2,New Year's Day,National Holiday,Public Holiday,"Parents, Kids Gr 2–8","Start the year sharp – new goals, new Math skills!","Meta, Google, YouTube",H
Jan,Winter,Mid-Year / Term 2,Makar Sankranti,Festival – Hindu,Pan-India Festival,"Families, Parents",Harvest the joy of learning this Sankranti 🪁,"Meta, Instagram",H
Jan 14,,,Uttarayan (Makar Sankranti),Regional Festival,West,"Joyful, outdoor, competitive spirit",Fly high in Math this Uttarayan – every kite needs a strong string 🪁,"Meta (Gujarat geo), Instagram",H
Jan 14–17 (4 days),,,Pongal,Regional Festival,South,"Gratitude, harvest joy, new beginnings",Harvest a love of Math this Pongal 🌾 – Pongal O Pongal!,"Meta (Tamil Nadu geo), YouTube, Sun TV digital",H
Jan,Winter,Mid-Year / Term 2,Republic Day – Jan 26,National Holiday,Patriotic,All Gr 2–8 families,Building tomorrow's India starts with strong Math 🇮🇳,All platforms,H
Jan,Winter,Mid-Year / Term 2,National Youth Day – Jan 12 (Vivekananda),Social / Awareness,Youth & Education,"Parents, Students Gr 6–8",Awaken your child's inner genius this Vivekananda Jayanti,"LinkedIn, Meta",M
Jan 13,,,Lohri,Regional Festival,North,"Festive, celebratory, family-first","Warm up your child's Math skills this Lohri – bonfire night, bright minds 🔥","Meta (Punjab/Haryana/Delhi geo), Instagram",H
Jan,Winter,Mid-Year Tests,Half-Yearly Results & Remedial Season,School Rhythm,Post-result anxiety,Parents of Gr 2–8,Half-yearly results in? Fix Math gaps before they snowball,"Google Search, Meta",H
Jan,Winter,Mid-Year Tests,SOF Olympiad Level 2 (IMO/NSO),Olympiad,SOF Level 2,Students Gr 2–8 who cleared Level 1,You cleared Level 1 – now go for gold in Level 2! 🥇,"Google, Meta",H
Feb,Winter → Spring,Term 2 Running,Vasant Panchami / Saraswati Puja,Festival – Hindu,Education Festival,"Students, Parents all grades",On the day we worship knowledge – fuel your child's love for Math 🙏,"Meta, Instagram",H
Feb,Winter → Spring,Term 2 Running,Valentine's Day,Commercial,Gifting,Parents,Show love – gift your child confidence in Math ❤️,"Instagram, Meta",M
Feb,Winter → Spring,Term 2 Running,National Science Day – Feb 28,Math / STEM Day,STEM Awareness,"Students Gr 4–8, Parents",Math is the engine behind every scientific discovery 🔬,"YouTube, Instagram",H
Feb,Winter → Spring,Annual Exam Prep Peaks,Annual Exam Fever Begins (Class 1–8),School Rhythm,Exam Season,Parents of Gr 2–8,Annual exams are coming – is Math your child's strongest subject?,"Google Search, Meta",H
Feb,Winter → Spring,Annual Exam Prep,Silverzone / Unified Olympiad Results,Olympiad,School Olympiad,Students Gr 2–8,Great results start with great prep. Next Olympiad season is closer than you think,"Meta, Google",M
Feb–Mar,Spring,Annual Exam Season,Annual Exam Prep – Always On,School Rhythm,Exam Prep,Parents of Gr 2–8,Annual exams are weeks away – ace Math with Cuemath's targeted practice,"Google Search, Meta",H
Mar,Spring,Annual Exam Season / New Term,Pi Day – Mar 14 (π = 3.14159…),Math / STEM Day,Math Celebration,All students Gr 2–8,Happy Pi Day! 🥧 3.14 reasons why Math is the coolest subject on earth,"Instagram, YouTube, Twitter/X",H
Mar,Spring,Annual Exam Season / New Term,Holi,Festival – Hindu,Major Festival,All Gr 2–8 families,Holi Hai! Colourful minds learn Math in colourful ways 🎨,"Instagram, YouTube, Meta",H
Mar,Spring,Annual Exam Season / New Term,Annual Exams – Class 1–8,School Rhythm,Year-End Exams,Parents of Gr 1–8,Annual Math exam is here – last-minute practice that actually works,"Google Search, Meta",H
Mar,Spring,Annual Exam Season / New Term,Financial Year End,Commercial,FY Planning,Parents,Invest in your child's Math future before the financial year closes,"Google, Meta",M
Mar,Spring,Annual Exam Season / New Term,RMO Results (Regional Math Olympiad),Olympiad,Math Olympiad Track,Students Gr 6–8 advanced,RMO results out! The journey to IMO starts with one bold step 🏆,"Meta, Google",M
Mar–Apr (varies),,,Good Friday / Easter,Regional Festival,South + West,"Reflective, family-oriented",Happy Easter! 🐣 A season of new beginnings – start your child's Math journey fresh,Meta (Kerala/Goa/Northeast geo),M
Mar–Apr (Chaitra Shukla Pratipada),,,Ugadi,Regional Festival,South,New year optimism; fresh start; family gathering,"Happy Ugadi! New year, new Math goals – set your child up to soar 🌿","Meta (AP/Telangana/Karnataka geo), Instagram",H
Mar–Apr (Chaitra Shukla Pratipada),,,Gudi Padwa,Regional Festival,West,"New year, fresh start energy, celebratory","New year, new Math goals – Happy Gudi Padwa! 🪅 Start the year ahead","Meta (Maharashtra geo), Instagram",H
Mar–Apr (varies),,,Eid al-Fitr,Regional Festival,Pan-India,"Joy, gratitude, giving, eid gifting spirit",Eid Mubarak! 🌙 Knowledge is the most beautiful gift – celebrate with Cuemath this Eid,"Meta (Muslim-majority areas geo), Instagram",H
Apr,Summer,Summer Vacation Starts,Eid al-Fitr,Festival – Muslim,Major Festival,Muslim families,Eid Mubarak! Celebrate with the gift of knowledge 🌙,"Meta, Instagram",H
Apr 13–15,,,Bihu (Rongali),Regional Festival,East,New year celebration; harvest joy; community pride,"Happy Bihu! New season, new learnings – sharpen your child's Math this spring 🌾","Meta (Assam geo), Instagram",H
Apr 13–14,,,Baisakhi,Regional Festival,North,"New year energy, optimistic, fresh start","New harvest, new learning goals – Happy Baisakhi! 🌾 Start Math strong","Meta (Punjab geo), Instagram",H
Apr,Summer,Summer Vacation Starts,Dr. Ambedkar Jayanti – Apr 14,Social / Awareness,Education Equality,All segments,Education is the great equalizer. Quality Math for every child,"Meta, LinkedIn",M
Apr,Summer,Summer Vacation Starts,Summer Vacation Begins (most states),Season,Summer Learning Window,Parents of Gr 2–8,School's out. Don't let Math skills go on vacation too ☀️,"Meta, Google, YouTube",H
Apr,Summer,Summer Vacation,IPL Season (Apr–May),Commercial,Cricket & Math,"Kids Gr 4–8, Parents",Did you know Math powers every perfect over? 🏏 Sharpen yours!,"YouTube, Hotstar, Instagram",H
Apr,Summer,Summer Vacation,SOF IMO / NSO Registration Opens,Olympiad,SOF School Olympiad,Students Gr 2–8,"Olympiad season starts now – register early, prep smart 🏅","Google, Meta",H
Apr 14,,,Tamil New Year (Puthandu),Regional Festival,South,"Fresh start, reflective, hope-filled","New year, new Math chapter – Happy Puthandu! 🌸 Start strong with Cuemath","Meta (Tamil Nadu geo), Instagram",H
Apr 14–15,,,Vishu,Regional Festival,South,Auspicious new beginning; prosperity mindset,Vishu Ashamsakal! May your child's Math journey be as bright as the Vishukkani 🌼,"Meta (Kerala geo), Instagram",H
Apr,Summer,Summer Vacation,Earth Day – Apr 22,Social / Awareness,STEM & Environment,Students Gr 4–8,Math powers climate solutions 🌍 Be the problem-solver Earth needs,"Instagram, YouTube",M
May,Summer,Summer Vacation (Peak),Mother's Day,Commercial,Family & Gifting,Mothers of Gr 2–8 kids,Mom knows best – and she chose Cuemath for her child 💛,"Instagram, Meta, YouTube",H
May,Summer,Summer Vacation (Peak),Summer Course Enrollment Peak,Season,Summer Learning,Parents of Gr 2–8,3 months of Math progress in one summer – the Cuemath way,"Meta, Google, YouTube",H
May,Summer,Summer Vacation (Peak),Annual Results Declared (Gr 1–8),School Rhythm,Results + Next Year Prep,Parents of Gr 1–8,Results are in! Build Math strength before the new class begins,"Meta, Google",H
May,Summer,Summer Vacation,Silverzone / Unified Olympiad Registration,Olympiad,School Olympiad,Students Gr 2–8,Register now – Olympiad spots fill fast! 🥇,"Google, Meta",H
Jun,Summer → Monsoon,New Academic Year Begins,New Academic Year (schools reopen),School Rhythm,Year Start,Parents of Gr 2–8,"New class, new chapter – build the right Math foundation from Day 1","Meta, Google Search",H
Jun,Summer → Monsoon,New Academic Year,International Yoga Day – Jun 21,Social / Awareness,Mindfulness,"Parents, Students",A focused mind solves Math faster 🧘,"Instagram, YouTube",M
Jun,Summer → Monsoon,New Academic Year,Eid al-Adha (Bakra Eid),Festival – Muslim,Major Festival,Muslim families,Eid Mubarak! Knowledge is the greatest gift 🌙,"Meta, Instagram",H
Jun,Monsoon,New Academic Year,IOQM Registration Opens,Olympiad,Math Olympiad Track,Students Gr 6–8 advanced,IOQM registrations open – the first step on India's IMO path 🇮🇳,"Google, Math communities",H
Jun,Monsoon,New Academic Year,Monsoon Begins,Season,Indoor Learning Season,"Parents, Kids",Rainy days + Cuemath = the perfect learning combo 🌧️,"Meta, Instagram, YouTube",H
Jun–Jul (varies),,,Eid al-Adha,Regional Festival,Pan-India,"Devotional, generous, family-centric","Eid Mubarak! This Eid, invest in the gift of learning for your child 🌙","Meta, Instagram",H
Jul,Monsoon,Term 1 Running,Guru Purnima,Festival – Hindu,Teachers & Learning,"Parents, Students",On the day we honour teachers – thank a great Math teacher 🙏,"Meta, Instagram",H
Jul,Monsoon,Term 1 Running,Muharram / Islamic New Year,Festival – Muslim,Religious,Muslim families,"New year, new knowledge goals 🌙",Meta,M
Jul,Monsoon,Term 1 Running,SOF Olympiad Registration Deadline,Olympiad,SOF School Olympiad,"Students Gr 2–8, Parents",Last chance to register for this year's Olympiad – don't miss out!,"Google, Meta",H
Jul,Monsoon,Term 1 Running,Monsoon Indoor Learning Push,Season,Seasonal Hook,Parents of Gr 2–8,Monsoon's here – keep Math sharp while the rains pour 🌧️,"Meta, YouTube",H
Aug,Monsoon,Term 1 Mid,Independence Day – Aug 15,National Holiday,Patriotic,All Gr 2–8 families,Free India. Free minds. Strong in Math. 🇮🇳,All platforms,H
Aug,Monsoon,Term 1 Mid,Friendship Day (1st Sunday),Social / Awareness,Fun & Peer,Students Gr 4–8,Math is more fun with friends! Learn together on Cuemath 👫,"Instagram, Meta",M
Aug,Monsoon,Term 1 Mid,Janmashtami,Festival – Hindu,Major Festival,Hindu families,Celebrate the birth of wisdom – ignite your child's Math journey 🦚,"Meta, YouTube",H
Aug,Monsoon,Term 1 Mid,Raksha Bandhan,Festival – Hindu,Family Festival,"Parents, Siblings",Gift your sibling a Cuemath subscription this Rakhi 🎁,"Meta, Instagram",H
Aug,Monsoon,Term 1 – Unit Tests,Unit Test / Class Tests Season,School Rhythm,Regular Tests,Parents of Gr 2–8,Unit test around the corner? Make sure Math isn't the weak link,"Google Search, Meta",H
Aug,Monsoon,Term 1,SOF Olympiad – School Registration Peak,Olympiad,SOF School Olympiad,Students Gr 2–8,Olympiad prep starts now – is your child ready? 🏅,"Google, Meta",H
Aug–Sep (10 days),,,Ganesh Chaturthi,Regional Festival,West,"Joyful, devotional, community pride",Ganpati Bappa Morya! Bless your child's Math journey with wisdom 🐘,"Meta, Instagram (Maharashtra/Karnataka geo)",H
"Aug–Sep (10 days, Thiruvananthapuram-based)",,,Onam,Regional Festival,South,"Joyful, nostalgic, homecoming warmth – strongest community bonding of the year",Onam Ashamsakal! Celebrate Kerala's biggest festival with a gift of Math 🌸,"Meta (Kerala geo + diaspora), YouTube, Asianet digital",H
Sep,Post-Monsoon,Term 1 – Mid Terms,Teacher's Day – Sep 5,Social / Awareness,Education & Teachers,"Parents, Students Gr 2–8",Behind every Math champion is a great teacher 🎓,"Meta, LinkedIn, YouTube",H
Sep,Post-Monsoon,Term 1 – Mid Terms,International Literacy Day – Sep 8,Social / Awareness,Education,"Parents, Educators",Math literacy = life skills. Is your child future-ready?,"LinkedIn, Meta",M
Sep,Post-Monsoon,Term 1 – Mid Terms,Navratri Begins,Festival – Hindu,Major Festival,Hindu families,Nine nights of celebration – fuel your child's Math energy! 🪔,"Meta, Instagram",H
Sep,Post-Monsoon,Mid-Term Exams,Mid-Term / Half-Yearly Exams (Class 1–8),School Rhythm,Exam Anxiety,Parents of Gr 2–8,Mid-terms are here – ace Math before the second half begins,"Google Search, Meta",H
Sep,Post-Monsoon,Mid-Term Exams,IOQM Exam,Olympiad,Math Olympiad Track,Students Gr 6–8 advanced,IOQM exam day is near – every mark writes your IMO story 🏆,"Google, Math communities",H
Sep–Oct (varies),,,Milad-un-Nabi,Regional Festival,Pan-India,"Spiritual, reflective, knowledge-celebrating (Prophet encouraged learning)","'Seek knowledge, even unto China' – this Milad, gift your child the love of learning",Meta (geo-targeted),M
Sep–Oct (9 nights),,,Navratri (Garba),Regional Festival,West,"Energetic, celebratory, community spirit",Nine nights of celebration – fuel your child's Math energy! 💃 Happy Navratri,"Meta (Gujarat/Rajasthan geo), Instagram, YouTube",H
Oct,Autumn,Diwali Season,Gandhi Jayanti – Oct 2,National Holiday,Values,All segments,"Learn with discipline, grow with integrity 🕊️","Meta, LinkedIn",M
Oct (full moon),,,Karva Chauth,Regional Festival,North,"Family devotion, love for children",The greatest gift to your child this Karva Chauth – the confidence to ace Math 💫,"Meta (North geo), Instagram",M
Oct,Autumn,Diwali Season,Dussehra / Vijayadashami,Festival – Hindu,Major Festival,All Hindu families,Conquer Math fear this Dussehra – victory over every doubt! 🏹,"Meta, YouTube, Instagram",H
Oct,Autumn,Diwali Season,World Mental Health Day – Oct 10,Social / Awareness,Student Wellbeing,"Parents, Students",Math anxiety is real – we make Math stress-free 💚,"Instagram, Meta",H
Oct,Autumn,Diwali Season,Dhanteras,Festival – Hindu,Shopping / Investment,Parents,Invest in your child's most valuable asset – their Math brain 💎,"Meta, Google",H
Oct,Autumn,Diwali Season,Diwali (Deepavali),Festival – Hindu,BIGGEST Festival,All Gr 2–8 families,Light up your child's future this Diwali 🪔 Special offer on Cuemath!,All platforms,H
Day after Diwali,,,Govardhan Puja / Annakut,Regional Festival,North,Post-Diwali warm festive mood,The day after Diwali – still glowing! Keep the festive offer live 🪔,Meta (North/West geo),M
Oct,Autumn,Diwali Break,Diwali School Break,Season,Holiday Learning,Parents of Gr 2–8,Holidays are here – keep Math momentum going with Cuemath,"Meta, Google",H
Oct–Nov (6 days post Diwali),,,Chhath Puja,Regional Festival,Central / North,"Deep devotion, family pride, community-oriented",Celebrate the power of the sun and the power of a sharp mind – Chhath Mubarak 🌅,"Meta (Bihar/UP/Jharkhand geo), Instagram",H
Oct,Autumn,Diwali Season,SOF IMO / NSO Round 1 Exams Begin,Olympiad,SOF School Olympiad,Students Gr 2–8,Olympiad day is here! Did your child prep with Cuemath? 🏅,"Meta, Google",H
Oct–Nov (already in North section – Bihar diaspora key),,,Chhath Puja,Regional Festival,East,Deeply devotional; family sacrifice; very high community bonding,The dedication of Chhath – apply it to your child's Math journey 🌅,Meta (Bihar/Jharkhand geo),H
Nov,Autumn → Winter,Term 2 Begin,National Education Day – Nov 11,Social / Awareness,Education,"Educators, Parents",Quality Math education for every Indian child – our promise,"LinkedIn, Meta",M
Nov,Autumn → Winter,Term 2 Begin,Children's Day – Nov 14,Social / Awareness,Kids Celebration,Parents of Gr 2–8,Happy Children's Day! Give your child the superpower of Math 🎈,"Meta, Instagram, YouTube",H
Nov,Autumn → Winter,Term 2,Guru Nanak Jayanti,Festival – Sikh,Religious Holiday,Sikh families + all,Spread the light of knowledge this Gurpurab 🪔,"Meta, Instagram",H
Nov,Winter,Term 2,Bhai Dooj,Festival – Hindu,Family,"Siblings, Parents",Gift your sibling the joy of learning this Bhai Dooj 🎁,"Meta, Instagram",M
Nov,Winter,Term 2 – Unit Tests,Unit Test Season,School Rhythm,Regular Tests,Parents of Gr 2–8,November unit tests are near – don't let Math catch you off guard,"Google Search, Meta",H
Nov,Winter,Term 2,SOF Olympiad Round 1 (Ongoing),Olympiad,SOF School Olympiad,Students Gr 2–8,Every practice session counts – Olympiad Round 1 is live 🏅,"Meta, Google",H
Nov,Winter,Term 2,RMO (Regional Mathematical Olympiad),Olympiad,Math Olympiad Track,Students Gr 6–8 advanced,RMO is the gateway to India's national Math team 🏆,"Google, Math communities",H
Nov–Dec (Karthigai month),,,Karthigai Deepam,Regional Festival,South,"Spiritual, reflective, light-themed",Let the light of knowledge shine bright this Karthigai Deepam 🪔,Meta (Tamil Nadu geo),M
Dec,Winter,Term 2 Running,National Mathematics Day – Dec 4 (Ramanujan),Math / STEM Day,Math Celebration,All students Gr 2–8,Happy Math Day! Ramanujan had no limits – does your child know their Math story? 🔢,All platforms,H
Dec,Winter,Term 2 Running,Christmas – Dec 25,Festival – Christian,Major Festival,Christian families + Urban,Season of joy – gift your child a Cuemath subscription 🎄,"Meta, Instagram",H
Dec,Winter,Winter Vacation,Winter Vacation Begins,Season,Holiday Learning,Parents of Gr 2–8,School's out for winter – keep the Math momentum alive ❄️,"Meta, Google, YouTube",H
Dec,Winter,Winter Vacation,Year-End / New Year Countdown,Commercial,Goals & Gifting,All Gr 2–8 families,Ring in the New Year with a new Math milestone! 🎆,"Instagram, YouTube",H
Dec,Winter,Term 2,SOF Level 2 Qualifiers Announced,Olympiad,SOF School Olympiad,Students Gr 2–8,You qualified for Level 2! Now prep harder with Cuemath 🥇,"Meta, Google",H
Dec,Winter,Term 2,INMO Prep Season,Olympiad,Math Olympiad Track,Students Gr 7–8 advanced,INMO is the step before the International stage – prepare like a champion,"Google, Math communities",H
Every Month,All Year,Ongoing,Monthly Unit Tests (Class 1–8),School Rhythm,Monthly Tests,Parents of Gr 2–8,Monthly Math test coming up? Practice makes perfect,"Google Search, Meta",H
Apr–Jun,Summer,Summer Vacation,Summer Learning – Always On,Season,Summer Course,Parents of Gr 2–8,3 months to get 1 year ahead in Math ☀️,"Meta, Google, YouTube",H
Jul–Sep,Monsoon,Term 1,Monsoon Indoor Learning – Always On,Season,Seasonal Hook,Parents of Gr 2–8,"Rains outside, Math inside 🌧️","Meta, Instagram",H
Oct–Nov,Autumn,Festive Season,Festive Season – Always On,Season,Festive Offers,Parents of Gr 2–8,India's festive season is the perfect time to invest in your child's future,"Meta, Google",H