canonical,ad_name,spend,TD,hook_frame,master_frame,close_type,specificity,pain_target,production_cue,language,evidence_hook,evidence_close,evidence_names,evidence_pain,confidence,notes,notion_source,transcript_used
30-day-math-kangaroo-prep,USA_FB_Leads_Conv_LAL_PayU_IndianAudience_NRI_35-55_Math-Kangaroo_LeadGen_NA_Static-30-Day-Math-Kangaroo-Prep-261225,1121428,39,Competition,Competition-Prep,Free-Class,Anonymous,Competition-Prep,Static-Graphic,English,30-Day Math Kangaroo Prep,Book a Free Class,none,Math Kangaroo prep,High,,name-only,no
india-best-math-tutors,USA_FB_Leads_Conv_LAL_PayU_IndianAudience_NRI_35-55_NRI_Contextual_Statics_LeadGen_NA_Static-India-Best-Math-Tutors-180226,724384,7,Cultural,Cultural-Relatability,Free-Class,Anonymous,Foundation,Static-Graphic,English,India's Best Math Tutors for NRI Kids,Book a Free Class,none,build clarity accuracy and confidence,High,NRI Contextual Statics variant,nri-contextual-statics,no
updated-testimonial-surveen-15s,Mea_PFX_FB_Leads-Conv_AD-DH-Sha-Cities_Int-Premium_LeadGen_NA_Video_Updated-Testimonial-Surveen-15s_170925,637727,25,Behavioral-Outcome,Outcome-First,Free-Class,Named-parent,Confidence,UGC-polished,English,Surveen testimonial video,Book a Free Class,Surveen,confidence and progress,Low,No notion match; tagged from ad-name structure,none,no
high-school-master-algebra-white- – copy,USA_FB_Leads_Conv_LAL_PayU_IndianAudience_NRI_35-55_High_School_LeadGen_NA_Static-High-School-Master-Algebra-White-150126 – Copy,619526,18,Academic-Outcome,Top-Tutors,Free-Class,Anonymous,"Late-Stage-HS,Topic-Algebra",Static-Graphic,English,Master Algebra,Book a Free Class,none,Master Algebra,High,High school algebra static,name-only,no
testimonial-kaasi-22s-telugu,USA_PFX_FB_Leads-Conv_NA_Int-Expats-Telugu_LeadGen_NA_Video_Testimonial-Kaasi-22s-Telugu_100825,611121,6,Academic-Outcome,Outcome-First,Free-Class,Named-parent,Foundation,UGC-polished,Telugu,Kaasi Telugu testimonial,Book a Free Class,Kaasi,grades & school improvement,Low,Telugu vernac testimonial; no transcript,none,no
testimonial-kiran-22s-telugu,USA_PFX_FB_Leads_Conv_Advantage+Audience_Telugu_LeadGen_NA_Video_Testimonial-Kiran-22s-Telugu_101125,579564,12,Academic-Outcome,Outcome-First,Free-Class,Named-parent,Foundation,UGC-polished,Telugu,Kiran Telugu testimonial,Book a Free Class,Kiran,grades & school,Low,excluded-from-deck; Telugu vernac testimonial,none,no
o-strong-foundations_20-oct-2025,MEA_AKT_FB_Leads_Conv_Interest_Maths_Engaged_shoppers_Parents_with_preteens_NA_Static_O-Strong-Foundations_20-Oct-2025,573239,12,Enrichment,Top-Tutors,Free-Class,Anonymous,Foundation,Static-Graphic,English,Strong Math Foundations,Book a Free Class,none,strong foundations,Medium,MEA static; no notion match,none,no
satish-english-testimonial-07-nov-2025,MEA_AKT_FB_Leads_Conv_UAE_CTF_Parents_Targeting_LP_Signup_NA_Video-Satish-English-Testimonial-07-Nov-2025,567106,27,Behavioral-Outcome,Outcome-First,Free-Class,Named-parent,"Confidence,Foundation",UGC-polished,English,Satish testimonial,Book a Free Class,Satish,grades and confidence improved,Low,UAE testimonial; no transcript,none,no
cuemath-hero-5-21s,MEA_AKT_FB_Leads_Conv_UAE_High_Intent_Targeting_LP_Pricing_Creatives_60AED_Signup_NA_Video_Cuemath-Hero-5-21s_111225,562566,39,Future-readiness,MathFit,Free-Class,Anonymous,Concept-Clarity,Animated,English,Cuemath hero brand video,Book a Free Class,none,builds thinking and concepts,Medium,Brand hero video — generic platform pitch,name-only,no
usa_pfx_fb_leads_conv_lal_0-2%_engaged_priyanshul_ig_video,USA_PFX_FB_Leads_Conv_LAL_0-2%_Engaged_Priyanshul_IG_video_290126,556831,14,System-diagnosis,Memorization-vs-Understanding,Free-Class,Anonymous,Concept-Clarity,UGC-polished,English,Is your child truly understanding math—or just memorizing steps?,Book a Free Trial Class,Priyanshul is influencer,building strong concepts not rote learning,High,Priyanshul IG influencer ad,influencer-edit-priyanshul-ig,no
high-school-master-algebra-white,USA_FB_Leads_Conv_LAL_Enrolled_Signup_Old-LP_35-55_High_School_NA_Static-High-School-Master-Algebra-White-150126,552788,14,Academic-Outcome,Top-Tutors,Free-Class,Anonymous,"Late-Stage-HS,Topic-Algebra",Static-Graphic,English,Master Algebra,Book a Free Class,none,Master Algebra,High,,name-only,no
parents-believed-offline-was-better-31-oct-2025,MEA_AKT_FB_Leads_Conv_UAE_CTF_Parents_Targeting_LP_Signup_NA_Static-Parents-believed-offline-was-better-31-Oct-2025,541359,5,System-diagnosis,Memorization-vs-Understanding,Free-Class,Anonymous,Personalization-Gap,Static-Graphic,English,Parents believed offline was better,Book a Free Class,none,offline classroom limitations,Medium,Offline-vs-online comparison static,name-only,no
herocut_05,Herocut_05_041225,535938,8,Behavioral-Outcome,Outcome-First,Free-Class,Anonymous,Confidence,UGC-polished,English,Hero cut child testimonial,Book a Free Class,none,confidence and engagement,Low,Generic herocut variant,none,no
2026-stands-for-math-confidence,USA_FB_Leads_Conv_LAL_PayU_IndianAudience_NRI_35-55_New-Year_LeadGen_NA_Static-2026-Stands-for-Math-Confidence-221225,497868,23,Enrichment,Outcome-First,Free-Class,Anonymous,"Confidence,Foundation",Static-Graphic,English,2026 stands for math confidence,Book a Free Class,none,build math confidence,Medium,New Year themed static,name-only,no
anz_fb_leads_conv_india-expats_australia_static_w-testimonia,ANZ_FB_Leads_Conv_India-Expats_Australia_Static_W-Testimonial-NAPLAN_040226,482258,7,Academic-Outcome,Outcome-First,Free-Class,Anonymous,Competition-Prep,Static-Graphic,English,NAPLAN testimonial static,Book a Free Class,none,NAPLAN preparation,High,NAPLAN-specific static; treating NAPLAN as Competition-Prep,name-only,no
testimonial-gunjan-13s,USA_FB_Leads_Conv_PayU_NRI_Audience_Signup_Old-LP_35-55_English-Generic-Content_NA_Video-Testimonial-Gunjan-13s_020126,445803,9,Behavioral-Outcome,Outcome-First,Free-Class,Named-parent,"Confidence,Foundation",UGC-polished,English,Gunjan parent testimonial,Book a Free Class,Gunjan,grades and school improvement,Medium,Gunjan testimonial UGC,name-only,no
priyanshul,USA_FB_Leads_Conv_Int_Influencer_Postboost_35-55_Advantage_ShortForm-LP_NA_Video_Priyanshul_060126,432664,4,System-diagnosis,Memorization-vs-Understanding,Free-Class,Anonymous,Concept-Clarity,UGC-polished,English,Concept Clarity Over Memorization,Book a Free Trial Class,Priyanshul is influencer,building strong concepts not rote learning,High,Priyanshul influencer cut,influencer-edit-priyanshul-ig,no
testimonial_gunjan-20s,CAN_FB_Leads_Conv_Expats_34-55_Signup_Old_LP_NA_Video_Testimonial_Gunjan-20s_020126,431204,16,Behavioral-Outcome,Outcome-First,Free-Class,Named-parent,Confidence,UGC-polished,English,Gunjan parent testimonial 20s,Book a Free Class,Gunjan,parent peace of mind,Medium,Canada Gunjan testimonial,name-only,no
strong-math-indian-tutors,CAN_FB_Leads_Conv_Expats_34-55_Signup_Old_LP_NA_Static-Strong-math-Indian-tutors-310126,406440,17,Cultural,Cultural-Relatability,Free-Class,Anonymous,Foundation,Static-Graphic,English,Strong Math with Indian tutors,Book a Free Class,none,Indian tutors and strong math,High,NRI Indian-tutors static,nri-contextual-statics,no
video_shweta_negi,USA_FB_Leads_Conv_Int_New_Influencer_Postboost_35-55_Advantage_ShortForm_LP_Signup_Video_Shweta_Negi_180226,392208,9,Behavioral-Outcome,Outcome-First,Free-Class,Anonymous,"Confidence,Foundation",UGC-polished,English,Shweta Negi influencer endorsement,Book a Free Class,Shweta Negi influencer,confidence grades foundation,Medium,Influencer Shweta Negi,name-only,no
anz_fb_leads_conv_int4c_australia_video_cuemath-hero-5-21s,ANZ_FB_Leads_Conv_int4C_Australia_Video_Cuemath-Hero-5-21s_020326,388126,9,Future-readiness,MathFit,Free-Class,Anonymous,Concept-Clarity,Animated,English,Cuemath hero brand video,Book a Free Class,none,builds thinking and concepts,Medium,Brand hero video,name-only,no
usa_pfx_fb_leads_conv_lal_0-2%_engaged_priyanshul,USA_PFX_FB_Leads_Conv_LAL_0-2%_Engaged_Priyanshul_131025,387349,5,System-diagnosis,Memorization-vs-Understanding,Free-Class,Anonymous,Concept-Clarity,UGC-polished,English,Concept Clarity Over Memorization,Book a Free Trial Class,Priyanshul is influencer,strong concepts not rote learning,High,Priyanshul earlier cut,influencer-edit-priyanshul-ig,no
math_kangaroo_static_30-day-prep,Math_Kangaroo_Static_30-Day-Prep_040126,373535,3,Competition,Competition-Prep,Free-Class,Anonymous,Competition-Prep,Static-Graphic,English,30-Day Math Kangaroo Prep,Book a Free Class,none,Math Kangaroo prep,High,,name-only,no
master-math-this-winter-white,USA_FB_Leads_Conv_PayU_NRI_Audience_Signup_Old-LP_35-55_NRI_Contextual_Statics_NA_Static-Master-Math-this-Winter-White-060226,351921,11,Enrichment,Top-Tutors,Free-Class,Anonymous,Foundation,Static-Graphic,English,Master Math This Winter,Book a Free Class,none,strong math foundation,High,NRI seasonal static,nri-contextual-statics,no
english-testimonial-kasi-madi-28-nov-2025,MEA_FB_Leads_Advantage+Non-OTP_form_LeadGen_NA_Video-English-Testimonial-Kasi-Madi-28-Nov-2025,350889,17,Behavioral-Outcome,Outcome-First,Free-Class,Named-parent,Confidence,UGC-polished,English,Kasi Madi parent testimonial,Book a Free Class,Kasi Madi,parent peace of mind,Low,UAE Kasi Madi testimonial,none,no
updated-testimonial-amyra-parent-26s,Mea_PFX_FB_Leads-Conv_NA_Int-Female_LeadGen_NA_Video_Updated-Testimonial-Amyra-Parent-26s_070326,348823,9,Behavioral-Outcome,Outcome-First,Free-Class,Named-parent,Confidence,Studio,English,Amyra parent testimonial,Book a Free Class,Amyra,parent peace of mind,Low,MEA Studio testimonial,none,no
top-indian-tutors,USA_FB_Leads_Conv_Advantage_Audience_High_NRI_Creatives_Scaling_Signup_Old-LP_NA_Static-Top-Indian-tutors-060226,346569,7,Cultural,Cultural-Relatability,Free-Class,Anonymous,Foundation,Static-Graphic,English,Top Indian Tutors,Book a Free Class,none,top 1% Indian tutors clarity confidence,High,NRI Top-Indian-tutors variant,nri-contextual-statics,no
testimonial-shruti-25s,USA_FB_Leads_Conv_Razorpay_LAL_NRI_Audience_35-55_English_Testimonials_LeadGen_NA_Video_Testimonial-Shruti-25s_130426,341851,3,Behavioral-Outcome,Outcome-First,Free-Class,Named-parent,Confidence,UGC-polished,English,Shruti parent testimonial,Book a Free Class,Shruti,parent peace of mind,Low,Shruti UGC testimonial,none,no
postboost_video_priyanshul,USA_FB_Leads_Conv_Influencer_LAL_Enrolled_Signup_LP_Postboost_Video_Priyanshul_170326,331799,8,System-diagnosis,Memorization-vs-Understanding,Free-Class,Anonymous,Concept-Clarity,UGC-polished,English,Concept Clarity Over Memorization,Book a Free Trial Class,Priyanshul is influencer,strong concepts not rote learning,High,Priyanshul influencer postboost,influencer-edit-priyanshul-ig,no
updated-testimonial-amyra-parent-26s_24-nov-2025,MEA_FB_Leads_Advantage+Non-OTP_form_LeadGen_NA_Video_Updated-Testimonial-Amyra-Parent-26s_24-Nov-2025,324499,7,Behavioral-Outcome,Outcome-First,Free-Class,Named-parent,Confidence,Studio,English,Amyra parent testimonial,Book a Free Class,Amyra,parent peace of mind,Low,MEA Studio testimonial,none,no
static_w-ch-strong-foundations,Static_W-Ch-Strong-Foundations_230226,323813,7,Enrichment,Top-Tutors,Free-Class,Anonymous,Foundation,Static-Graphic,English,Strong Foundations static,Book a Free Class,none,strong math foundations,Medium,Chinese PLA strong-foundations static,name-only,no
testimonial-lakshami-32s-telugu,USA_PFX_FB_Leads_Conv_Advantage+Audience_Telugu_LeadGen_NA_Video_Testimonial-Lakshami-32s-Telugu_050925,319281,14,Behavioral-Outcome,Outcome-First,Free-Class,Named-parent,Confidence,UGC-polished,Telugu,Lakshami Telugu testimonial,Book a Free Class,Lakshami,confidence and grades,Low,Telugu vernac testimonial,none,no
anz-uk_fb_leads_conv_int4c_uk_video_testimonial-gunjan-video,ANZ-UK_FB_Leads_Conv_int4C_UK_Video_Testimonial-Gunjan-Video-V2_100226,310723,8,Behavioral-Outcome,Outcome-First,Free-Class,Named-parent,Confidence,UGC-polished,English,Gunjan parent testimonial,Book a Free Class,Gunjan,grades and school confidence,Medium,UK Gunjan testimonial,name-only,no
updated-testimonial-jasleen-15s,Mea_PFX_FB_Leads-Conv_AD-DH-Sha-Cities_Int-Premium_LeadGen_NA_Video_Updated-Testimonial-Jasleen-15s_170925,305836,4,Behavioral-Outcome,Outcome-First,Free-Class,Named-parent,Confidence,UGC-polished,English,Jasleen parent testimonial,Book a Free Class,Jasleen,parent peace of mind,Low,MEA Jasleen testimonial,none,no
anz_pfx_fb_leads_conv_int_all-expats_35-55_australia_static_,ANZ_PFX_FB_Leads_Conv_Int_All-Expats_35-55_Australia_Static_W-NAPLAN-Start-Summer_210126,297452,15,Academic-Outcome,Outcome-First,Free-Class,Anonymous,Competition-Prep,Static-Graphic,English,NAPLAN Start Summer Prep,Book a Free Class,none,NAPLAN preparation,High,NAPLAN-themed static,name-only,no
anz-nz_fb_leads_conv_lal-payu_new-zealand_video_testimonial-,ANZ-NZ_FB_Leads_Conv_LAL-PayU_New-Zealand_Video_Testimonial-Gunjan-Video-V2_310126,292651,10,Behavioral-Outcome,Outcome-First,Free-Class,Named-parent,Confidence,UGC-polished,English,Gunjan parent testimonial,Book a Free Class,Gunjan,confidence and grades,Medium,NZ Gunjan testimonial,name-only,no
usa_fb_leads_conv_int_parents_influencer_postboost_35-55_sho,USA_FB_Leads_Conv_Int_Parents_Influencer_Postboost_35-55_ShortForm_Old-LP_Signup_Video_Shweta_Negi_100226,281217,14,Behavioral-Outcome,Outcome-First,Free-Class,Anonymous,"Confidence,Foundation",UGC-polished,English,Shweta Negi influencer endorsement,Book a Free Class,Shweta Negi influencer,grades and confidence,Medium,Shweta Negi influencer postboost,name-only,no
o-strong-foundations_v2,MEA_AKT_FB_Leads_Conv_Interest_Maths_Engaged_shoppers_Parents_with_preteens_NA_Static_O-Strong-Foundations_V2-121225,275051,13,Enrichment,Top-Tutors,Free-Class,Anonymous,Foundation,Static-Graphic,English,Strong Math Foundations V2,Book a Free Class,none,strong foundations,Medium,MEA static V2,none,no
anz-uk_fb_leads_conv_payu_uk_video_testimonial2-shalini,ANZ-UK_FB_Leads_Conv_PayU_UK_Video_Testimonial2-Shalini_190226,270371,6,Child-diagnosis,Top-Tutors,Free-Class,Named-child,Confidence,UGC-polished,English,Is your child struggling to stay focused in math class?,Book a Free Class,Shalini,feel more confident over time,High,Shalini Dropati v2 cut,english-testimonial-shalini-dropati,no
webinar3-07-nov-2025,MEA_AKT_FB_Leads_Conv_Cities_Int_Premium_Brands-New-Creatives-35-55_LeadGen_NA_Video-Webinar3-07-Nov-2025,265519,8,Future-readiness,MathFit,Free-Class,Anonymous,Concept-Clarity,Studio,English,Cuemath webinar — math thinking,Book a Free Class,none,critical thinking and clarity,Low,Webinar format MEA video,none,no
balamaina_math_foundation,USA_AKT_FB_Leads_Conv_Advantage_Audience-Telugu_35-55_LeadGen_Telugu_Creatives_Telugu_copy_NA_Static_Balamaina_Math_Foundation_150126,257222,3,Cultural,Cultural-Relatability,Free-Class,Anonymous,Foundation,Static-Graphic,Telugu,Balamaina (strong) math foundation,Book a Free Class,none,strong math foundations Telugu,Medium,Telugu vernac static,name-only,no
video_keerthi,USA_FB_Leads_Conv_Int_New_Influencer_Postboost_35-55_Advantage_ShortForm_LP_Signup_Video_Keerthi_230126,253214,10,System-diagnosis,1-1-Personalization,Free-Class,Named-both,"Personalization-Gap,Competition-Prep",UGC-polished,English,Worried your child isn't getting enough attention in large online math classes?,Book a Free Trial Class,Nisha Shah... Sunil,with preparation for competitions like AMC 8 and Math Kangaroo,High,Keerthi/Keerthana influencer,perf-telegu-influencer-keerthi-us,yes
video_testimonial_gunjan-13s,Video_Testimonial_Gunjan-13s_260126,244411,14,Behavioral-Outcome,Outcome-First,Free-Class,Named-parent,Confidence,UGC-polished,Hindi,Gunjan parent testimonial,Book a Free Class,Gunjan,parent peace of mind,Medium,Hindi Gunjan testimonial,name-only,no
ib-myp1,MEA_AKT_FB_Leads_Conv_UAE_HNIs_Targeting_LP_Pricing_Creatives_60AED_Signup_NA_Static-IB-MYP1_260126,244062,4,Academic-Outcome,Top-Tutors,Offer-led,Anonymous,Foundation,Static-Graphic,English,IB MYP1 curriculum,60 AED Signup,none,IB curriculum support,Medium,UAE IB pricing static,name-only,no
y-girl-mathfit,Mea_PFX_FB_Leads-Conv_AD-DH-Sha-Cities_Int-Premium_LeadGen_NA_Static_Y-Girl-MathFit_240925,241594,8,Future-readiness,MathFit,Free-Class,Anonymous,Concept-Clarity,Static-Graphic,English,Make Your Child MathFit,Book a Free Class,none,MathFit thinking,High,MathFit static,name-only,no
high-school-testimonial-madhavi,USA_FB_Leads_Conv_Razorpay_LAL_35_60_Signup_PLA_LP_High_School_NA_Video_High-School-Testimonial-Madhavi_150426,240858,3,Academic-Outcome,Top-Tutors,Free-Class,Named-child,"Late-Stage-HS,Topic-Calculus",UGC-polished,English,teens build strong foundations fill learning gaps and master even challenging topics like calculus and trigonometry,Book a Free Class,Varun's confidence has also increased a lot,master even challenging topics like calculus and trigonometry,High,Madhavi high school testimonial (no Christmas badge),high-school-testimonial-madhavi-with-w-o-xmas-badge,yes
video_priyanshul-ig-video,USA_FB_Leads_Conv_Int_New_Influencer_Postboost_35-55_Advantage_ShortForm_LP_Signup_Video_Priyanshul-IG-video_280126,236527,9,System-diagnosis,Memorization-vs-Understanding,Free-Class,Anonymous,Concept-Clarity,UGC-polished,English,Is your child truly understanding math—or just memorizing steps?,Book a Free Trial Class,Priyanshul is influencer,strong concepts not rote learning,High,,influencer-edit-priyanshul-ig,no
build skills-v2,USA_FB_Leads_Conv_LAL_PayU_IndianAudience_NRI_35-55_Math-Kangaroo_LeadGen_NA_Static-Build Skills-V2-111225,228113,5,Competition,Competition-Prep,Free-Class,Anonymous,Competition-Prep,Static-Graphic,English,Build Math Kangaroo skills,Book a Free Class,none,Math Kangaroo skill building,High,,name-only,no
anz_fb_leads_conv_lal-ql-0to2%_australia_static_w-naplan-202,ANZ_FB_Leads_Conv_LAL-QL-0to2%_Australia_Static_W-NAPLAN-2026-Ready_030226,227400,7,Academic-Outcome,Outcome-First,Free-Class,Anonymous,Competition-Prep,Static-Graphic,English,NAPLAN 2026 Ready,Book a Free Class,none,NAPLAN preparation,High,,name-only,no
anz_fb_leads_conv_bollywood_australia_video_testimonial-laks,ANZ_FB_Leads_Conv_Bollywood_Australia_Video_Testimonial-Lakshmi_170226,221244,7,Enrichment,Top-Tutors,Free-Class,Named-parent,Foundation,UGC-polished,English,we want math and science to be our strong suits,Book a Free Class,Lakshmi,Trigonometry is something she said she needs to spend a bit more time with,High,Lakshmi (Norway parent) testimonial,none,yes
testimonial-sameer-23s,USA_FB_Leads_Conv_LAL_PayU_IndianAudience_NRI_35-55_LeadGen_NA_Video_Testimonial-Sameer-23s_020126,220519,2,Behavioral-Outcome,Outcome-First,Free-Class,Named-parent,Confidence,UGC-polished,English,Sameer parent testimonial,Book a Free Class,Sameer,parent peace of mind,Low,Sameer NRI testimonial,none,no
english_testimonial_rishva_patel,USA_FB_Leads_Conv_Razorpay_LAL_NRI_Audience_35-55_English_Testimonials_LeadGen_NA_Video_English_Testimonial_Rishva_Patel_200426,219834,3,Behavioral-Outcome,Outcome-First,Free-Class,Named-parent,Confidence,UGC-polished,English,Rishva Patel parent testimonial,Book a Free Class,Rishva Patel,parent peace of mind,Low,Rishva Patel testimonial,name-only,no
christmas-high-school-testimonial-madhavi-christmas-badge,USA_FB_Leads_Conv_LAL_PayU_IndianAudience_NRI_35-55_Christmas_LeadGen_NA_Video-Christmas-High-School-Testimonial-Madhavi-Christmas-Badge-121225,212910,16,Academic-Outcome,Top-Tutors,Offer-led,Named-child,"Late-Stage-HS,Topic-Calculus",UGC-polished,English,teens build strong foundations fill learning gaps and master even challenging topics like calculus and trigonometry,Christmas Special: FREE SAT Prep Worth $499,Varun's confidence has also increased a lot,calculus and trigonometry,High,,high-school-testimonial-madhavi-with-w-o-xmas-badge,yes
high-school-sat-prep-manan-sir-video,USA_FB_Leads_Conv_LAL_Enrolled_35-55_High_School_LeadGen_NA_High-School-SAT-Prep-Manan-Sir-Video-130126,204275,9,Academic-Outcome,Top-Tutors,Offer-led,Named-tutor,Late-Stage-HS,Studio,English,Is your child ready to handle the jump from high school maths to SAT-level problem solving?,Get SAT Prep worth $499 absolutely free,Manan Sir,strengthen core high school concepts speed strategy confidence for SAT,High,,high-school-sat-prep,no
anz_fb_leads_conv_parents-all-pri+sec_australia_static_y-tes,ANZ_FB_Leads_Conv_Parents-All-Pri+Sec_Australia_Static_Y-Testimonial-Vishal_020326,203618,13,Academic-Outcome,Outcome-First,Free-Class,Named-child,Competition-Prep,Static-Graphic,English,He always is in the accelerated pathways,Book a Free Class,Vishal Sharma,top of his peer group in NAPLAN,High,Vishal NAPLAN static,english-testimonial-vishal-sharma-naplan,yes
anz_fb_leads_conv_influencers_australia_video_jugnu,ANZ_FB_Leads_Conv_Influencers_Australia_Video_Jugnu_200326,203515,8,Behavioral-Outcome,Outcome-First,Free-Class,Anonymous,Confidence,UGC-polished,English,Jugnu influencer endorsement,Book a Free Class,Jugnu influencer,confidence and engagement,Low,Jugnu influencer perf cut,influencer-jugnu-perf-cut,no
influencers_montage,USA_FB_Leads_Conv_PayU_NRI_Audience_Signup_LP_Influencer_Perf_Edit_NA_Video_Influencers_Montage_250326,202752,7,Behavioral-Outcome,Outcome-First,Free-Class,Anonymous,"Confidence,Foundation",UGC-polished,English,Multiple influencers endorse Cuemath,Book a Free Class,none,confidence grades foundation,Low,Influencer montage,influencers-montage,no
color_their_future,USA_FB_Leads_Conv_LAL_Enrolled_Signup_LP_Holi_Creatives_NA_Static_Color_Their_Future_200226,202150,6,Cultural,Cultural-Relatability,Free-Class,Anonymous,Concept-Clarity,Static-Graphic,English,Color Their Future with Strong Math Skills,Book a Free Class,none,deep conceptual understanding,High,Holi 2026 static,holi-2026,no
anz-nz_fb_leads_conv_hni_new-zealand_video_tamil-parent-shoo,ANZ-NZ_FB_Leads_Conv_HNI_New-Zealand_Video_Tamil-Parent-Shoot-in-English_140226,200616,2,Behavioral-Outcome,Outcome-First,Free-Class,Anonymous,Foundation,Studio,Tamil,Tamil parent testimonial,Book a Free Class,none,grades and foundation,Low,Tamil parent shoot,name-only,no
english_testimonial_jyoti_sharma_grade2,USA_FB_Leads_Conv_PayU_New_Audience_35-55_LeadGen_NA_Video_English_Testimonial_Jyoti_Sharma_Grade2_060426,200182,5,Enrichment,Top-Tutors,Free-Class,Named-parent,Engagement,UGC-polished,English,I was looking something to level him up a little bit,Book a Free Class,Jyothi Sharma,He is excited for his class he waits for his class,High,Jyothi Sharma transcript matches Likita doc,english-testimonial-jyoti-sharma-grade-2,yes
anz_fb_leads_conv_influencers_australia_video_influencer-sah,ANZ_FB_Leads_Conv_Influencers_Australia_Video_Influencer-Sahar_090426,194163,6,Behavioral-Outcome,Outcome-First,Free-Class,Anonymous,Confidence,UGC-polished,English,Sahar influencer endorsement,Book a Free Class,Sahar influencer,confidence and engagement,Low,Sahar influencer perf cut,influencer-perf-edit-sahar,no
testimonial-ananth-29s-telugu,USA_PFX_FB_Leads_Conv_Advantage+Audience_Telugu_LeadGen_NA_Video_Testimonial-Ananth-29s-Telugu_250925,194137,4,Behavioral-Outcome,Outcome-First,Free-Class,Named-parent,Foundation,UGC-polished,Telugu,Ananth Telugu testimonial,Book a Free Class,Ananth,grades and school improvement,Low,Telugu vernac testimonial,none,no
satish-english-testimonial,USA_FB_Leads_Conv_Advantage_Audience_High_NRI_Creatives_Scaling_Signup_Old-LP_NA_Video-Satish-English-Testimonial-030426,193993,5,Behavioral-Outcome,Outcome-First,Free-Class,Named-parent,"Confidence,Foundation",Studio,English,Satish parent testimonial,Book a Free Class,Satish,confidence grades tutor quality,Low,Satish testimonial,none,no
anz_fb_leads_conv_int-parents_australia_static_y-testimonial,ANZ_FB_Leads_Conv_int-Parents_Australia_Static_Y-Testimonial-Vishal_200326,192582,5,Academic-Outcome,Outcome-First,Free-Class,Named-child,Competition-Prep,Static-Graphic,English,He always is in the accelerated pathways,Book a Free Class,Vishal Sharma,top of his peer group in NAPLAN,High,Vishal static variant,english-testimonial-vishal-sharma-naplan,yes
anz_fb_leads_conv_lal-ql-0to2%_australia_video_testimonial-v,ANZ_FB_Leads_Conv_LAL-QL-0to2%_Australia_Video_Testimonial-Vandana_280126,192146,6,Behavioral-Outcome,Outcome-First,Free-Class,Named-parent,Confidence,Studio,English,Vandana parent testimonial,Book a Free Class,Vandana,confidence and progress,Low,Vandana studio testimonial,none,no
anz_fb_leads_conv_parents-all-pri+sec_australia_static_y-nap,ANZ_FB_Leads_Conv_Parents-All-Pri+Sec_Australia_Static_Y-NAPLAN-Chinese_290126,191420,6,Cultural,Cultural-Relatability,Free-Class,Anonymous,Competition-Prep,Static-Graphic,English,NAPLAN Chinese-targeted static,Book a Free Class,none,NAPLAN preparation,Medium,Chinese-targeted NAPLAN static,name-only,no
anz-sg_fb_leads_conv_int4c_singapore_video_mother-video-v2,ANZ-SG_FB_Leads_Conv_int4C_Singapore_Video_Mother-Video-V2_050226,190593,6,Behavioral-Outcome,Outcome-First,Free-Class,Anonymous,"Confidence,Foundation",UGC-polished,English,Mother video V2,Book a Free Class,none,confidence grades foundation,Low,Generic mother UGC video,name-only,no
anz-uk_fb_leads_conv_payu_uk_static_p-gamified,ANZ-UK_FB_Leads_Conv_PayU_UK_Static_P-Gamified_250226,189495,3,Behavioral-Outcome,Outcome-First,Free-Class,Anonymous,Engagement,Static-Graphic,English,Gamified math learning,Book a Free Class,none,fun and engagement,Medium,UK gamified static,name-only,no
anz_fb_leads_conv_int-4c_australia_video_testimonial-mohit-k,ANZ_FB_Leads_Conv_Int-4C_Australia_Video_Testimonial-Mohit-Kukreja_060126,188745,12,Enrichment,1-1-Personalization,Recommendation,Named-child,Engagement,UGC-polished,English,We were looking for more of mathematics tutoring where they have more of creative thinking,I will 100% recommend Cuemath,Now Agam is very keen to do his homework,He loves that challenge,High,Mohit Kukreja Australia testimonial,mohit-kukreja-australia-testimonial,yes
boost-score-in-amc8,USA_FB_Leads_Conv_LAL_PayU_IndianAudience_NRI_35-55_AMC_LeadGen_NA_Static-Boost-score-in-AMC8--310126,188026,4,Competition,Competition-Prep,Free-Class,Anonymous,Competition-Prep,Static-Graphic,English,Boost score in AMC 8,Book a Free Class,none,AMC 8 preparation,High,,name-only,no
anz-uk_fb_leads_conv_int4c_uk_video_testimonial-vandana,ANZ-UK_FB_Leads_Conv_int4C_UK_Video_Testimonial-Vandana_100226,184492,11,Behavioral-Outcome,Outcome-First,Free-Class,Named-parent,Confidence,UGC-polished,English,Vandana parent testimonial,Book a Free Class,Vandana,grades and confidence,Low,Vandana UK testimonial,none,no
naplan-chinese,ANZ_PFX_FB_Leads-Conv_Australia_LeadGen_NA_Static_NAPLAN-Chinese_061125,182062,8,Cultural,Cultural-Relatability,Free-Class,Anonymous,Competition-Prep,Static-Graphic,English,NAPLAN Chinese-targeted static,Book a Free Class,none,NAPLAN preparation,Medium,Chinese-targeted NAPLAN PLA,name-only,no
make-child-mathfit,USA_FB_Leads_Conv_LAL_Enrolled_35-55_Republic_Day_LeadGen_NA_Static-make-child-mathfit-200126,181205,3,Future-readiness,MathFit,Free-Class,Anonymous,Concept-Clarity,Static-Graphic,English,Make Your Child MathFit,Book a Free Class,none,MathFit thinking,High,Republic Day MathFit static,name-only,no
anz_fb_leads_conv_india-expats_australia_video_cuemath-hero-,ANZ_FB_Leads_Conv_India-Expats_Australia_Video_Cuemath-Hero-5-21s_061125,176699,9,Future-readiness,MathFit,Free-Class,Anonymous,Concept-Clarity,Animated,English,Cuemath hero brand video,Book a Free Class,none,builds thinking and concepts,Medium,Brand hero video,name-only,no
mea_akt_fb_leads_conv_interest_maths_engaged_shoppers_parent,MEA_AKT_FB_Leads_Conv_Interest_Maths_Engaged_shoppers_Parents_with_preteens_Video_Brand-Mission-27s_20-Oct-2025,174236,11,Future-readiness,MathFit,Free-Class,Anonymous,Concept-Clarity,Static-Graphic,English,Brand Mission 27s,Book a Free Class,none,builds thinking and concepts,Medium,MEA brand mission video,name-only,no
anz_fb_leads_conv_bollywood_australia_video_testimonial-mont,ANZ_FB_Leads_Conv_Bollywood_Australia_Video_Testimonial-Montage_180326,173899,4,Behavioral-Outcome,Outcome-First,Free-Class,Anonymous,"Confidence,Foundation",UGC-polished,English,Multiple parents share testimonials,Book a Free Class,none,confidence grades parent peace,Low,Testimonial montage AUS,testimonial-montage-aus,no
parents-believed-offline-was-better,MEA_AKT_FB_Leads_Conv_UAE_High_ROAS_Creative_Scaling_LP_Signup_NA_Static-Parents-believed-offline-was-better-180226,173689,5,System-diagnosis,Memorization-vs-Understanding,Free-Class,Anonymous,Personalization-Gap,Static-Graphic,English,Parents believed offline was better,Book a Free Class,none,offline classroom limitations,Medium,Offline-vs-online static,name-only,no
starting-at-$20-per-class,USA_FB_Leads_Conv_LAL_Enrolled_35-55_Pricing_Creatives_LeadGen_NA_Static-starting-at-$20-per-class-220126,171794,3,Enrichment,Outcome-First,Offer-led,Anonymous,Foundation,Static-Graphic,English,Starting at $20 per class,Starting at $20 per class,none,affordable 1:1 math,Medium,US pricing static,name-only,no
shalini_inhouse_edit,USA_FB_Leads_Conv_Influencer_35_55_Advantage_LP_Signup_NA_Video_Shalini_Inhouse_Edit_030326,171169,4,Child-diagnosis,Top-Tutors,Free-Class,Named-child,Confidence,Studio,English,Is your child struggling to stay focused in math class?,Book a Free Class,Shalini,feel more confident over time,High,Shalini studio in-house edit,english-testimonial-shalini-dropati,no
k-2_testimonial_tripura_shankar,K-2_Testimonial_Tripura_Shankar_240226,168781,5,System-diagnosis,1-1-Personalization,Free-Class,Named-child,"Personalization-Gap,Foundation",Studio,English,Before Cuemath we have tried Kumon Mathnasium which we felt was not kid specific,Book a Free Class,Anaisha,Cuemath's one-to-one focus helped my kid focus better,High,K-2 Tripura Shankar testimonial,k-2-testimonial-tripura-shankar,yes
anz_fb_leads_conv_lal-payu_australia_video_testimonial-vanda,ANZ_FB_Leads_Conv_LAL-PayU_Australia_Video_Testimonial-Vandana_110226,167890,5,Behavioral-Outcome,Outcome-First,Free-Class,Named-parent,Confidence,Studio,English,Vandana parent testimonial,Book a Free Class,Vandana,parent peace of mind,Low,Vandana studio testimonial,none,no
keerthi,USA_FB_Leads_Conv_LAL_Enrolled_Signup_Old-LP_35-55_Influencer_NA_Video_Keerthi_030226,163831,2,System-diagnosis,1-1-Personalization,Free-Class,Named-both,Personalization-Gap,UGC-polished,English,Worried your child isn't getting enough attention in large online math classes?,Book a Free Trial Class,Nisha Shah... Sunil,personalized 1:1 attention,High,Keerthi influencer cut,perf-telegu-influencer-keerthi-us,yes
anz-uk_fb_leads_conv_int4c_uk_video_testimonial-robin-wife,ANZ-UK_FB_Leads_Conv_int4C_UK_Video_Testimonial-Robin-Wife_100226,159944,7,Behavioral-Outcome,Outcome-First,Free-Class,Named-parent,Confidence,UGC-polished,English,Robin's wife parent testimonial,Book a Free Class,Robin's wife,parent peace of mind,Low,Australia Robin Wife testimonial,australia-testimonial-recording-english-robin-wife,no
anz_fb_leads_conv_lal-ql-0to2%_australia_static_w-testimonia,ANZ_FB_Leads_Conv_LAL-QL-0to2%_Australia_Static_W-Testimonial-NAPLAN_030226,159595,6,Academic-Outcome,Outcome-First,Free-Class,Anonymous,Competition-Prep,Static-Graphic,English,NAPLAN testimonial static,Book a Free Class,none,NAPLAN preparation,High,NAPLAN-themed static,name-only,no
anz-uk_fb_leads_conv_payu_uk_video_testimonial-vandana,ANZ-UK_FB_Leads_Conv_PayU_UK_Video_Testimonial-Vandana_230326,156129,5,Behavioral-Outcome,Outcome-First,Free-Class,Named-parent,"Confidence,Foundation",Studio,English,Vandana parent testimonial,Book a Free Class,Vandana,confidence grades foundation,Low,Vandana studio testimonial,none,no
anz_fb_leads_conv_parents-all-pri+sec_australia_video_testim,ANZ_FB_Leads_Conv_Parents-All-Pri+Sec_Australia_Video_Testimonial-Mohit-Kukreja_290126,155881,3,Enrichment,1-1-Personalization,Recommendation,Named-child,Engagement,UGC-polished,English,We were looking for more of mathematics tutoring where they have more of creative thinking,I will 100% recommend Cuemath,Agam,He loves that challenge,High,Mohit Kukreja AUS testimonial,mohit-kukreja-australia-testimonial,yes
anz_fb_leads_conv_lal-payu_australia_video_cuemath-hero-5-21,ANZ_FB_Leads_Conv_LAL-PayU_Australia_Video_Cuemath-Hero-5-21s_020326,155012,2,Future-readiness,MathFit,Free-Class,Anonymous,Concept-Clarity,Animated,English,Cuemath hero brand video,Book a Free Class,none,builds thinking and concepts,Medium,Brand hero,name-only,no
vandana-30-sec,ANZ_PFX_FB_Leads-Conv_Australia_Int-All-Expats_LeadGen_NA_Video_Vandana-30-Sec_251125,154344,3,Behavioral-Outcome,Outcome-First,Free-Class,Named-parent,Foundation,Studio,English,Vandana parent testimonial 30s,Book a Free Class,Vandana,grades and school improvement,Low,Vandana studio 30s,none,no
video_anudeep,USA_FB_Leads_Conv_Int_New_Influencer_Postboost_35-55_Advantage_ShortForm_LP_Signup_Video_Anudeep_180226,153756,3,Behavioral-Outcome,Outcome-First,Free-Class,Anonymous,Foundation,UGC-polished,English,Anudeep influencer endorsement,Book a Free Class,Anudeep influencer,grades and school,Low,Anudeep Telugu influencer,perf-telegu-influencer-anudeep-us,no
priyanshul_ig_video,USA_FB_Leads_Conv_Expats_NRI_Signup_Old-LP_35-55_Influencer_NA_Video_Priyanshul_IG_video_290126,152903,3,System-diagnosis,Memorization-vs-Understanding,Free-Class,Anonymous,Concept-Clarity,UGC-polished,English,Is your child truly understanding math—or just memorizing steps?,Book a Free Trial Class,Priyanshul is influencer,strong concepts not rote learning,High,,influencer-edit-priyanshul-ig,no
christmas-master-algebra-geometry,USA_FB_Leads_Conv_LAL_PayU_IndianAudience_NRI_35-55_Christmas_LeadGen_NA_Static-Christmas-Master-Algebra-Geometry-101225,152695,6,Academic-Outcome,Top-Tutors,Offer-led,Anonymous,"Topic-Algebra,Topic-Geometry",Static-Graphic,English,Christmas Master Algebra Geometry,Christmas Special offer,none,master Algebra and Geometry,High,Christmas-themed Algebra/Geometry static,name-only,no
anz-eu_fb_leads_conv_int4c_eu_video_testimonial-vandana,ANZ-EU_FB_Leads_Conv_int4C_EU_Video_Testimonial-Vandana_050426,147010,5,Behavioral-Outcome,Outcome-First,Free-Class,Named-parent,"Confidence,Foundation",UGC-polished,English,Vandana parent testimonial,Book a Free Class,Vandana,confidence grades foundation,Low,Vandana EU testimonial,none,no
anz_fb_leads_conv_lal-ql-0to2%_australia_video_testimonial-m,ANZ_FB_Leads_Conv_LAL-QL-0to2%_Australia_Video_Testimonial-Mohit-Kukreja_280126,144478,2,Enrichment,1-1-Personalization,Recommendation,Named-child,Engagement,UGC-polished,English,We were looking for more of mathematics tutoring where they have more of creative thinking,I will 100% recommend Cuemath,Agam,He loves that challenge,High,Mohit Kukreja AUS testimonial,mohit-kukreja-australia-testimonial,yes
high-school-ap-calculus-bc,USA_FB_Leads_Conv_Expats_High_School_40_60_Signup_LP_Statics_NA_Static-High-School-AP-Calculus-BC-090426,143995,2,Academic-Outcome,Top-Tutors,Free-Class,Anonymous,"Late-Stage-HS,Topic-Calculus",Static-Graphic,English,High School AP Calculus BC,Book a Free Class,none,AP Calculus BC mastery,High,High school AP Calculus static,name-only,no
australia-english-testimonial_31-oct-2025,MEA_AKT_FB_Leads_Conv_UAE_CTF_Parents_Targeting_LP_Signup_NA_Video-Australia-English-Testimonial_31-Oct-2025,142549,3,Behavioral-Outcome,Outcome-First,Free-Class,Anonymous,Confidence,UGC-polished,English,Australia parent testimonial,Book a Free Class,none,confidence and progress,Low,Australia testimonial reused for UAE,none,no
anz-uk_fb_leads_conv_india-expats_uk_static_o-classroom-math,ANZ-UK_FB_Leads_Conv_India-Expats_UK_Static_O-Classroom-Maths_050226,141944,3,System-diagnosis,1-1-Personalization,Free-Class,Anonymous,Personalization-Gap,Static-Graphic,English,Classroom math limitations,Book a Free Class,none,classroom math doesn't fit each child,Medium,Classroom-math static,name-only,no
anz_fb_leads_conv_int4c_australia_video_mother-video-v2,ANZ_FB_Leads_Conv_int4C_Australia_Video_Mother-Video-V2_020326,141251,3,Behavioral-Outcome,Outcome-First,Free-Class,Anonymous,"Confidence,Foundation",UGC-polished,English,Mother video V2,Book a Free Class,none,confidence and progress,Low,Mother video,name-only,no
y-boost-naplan-white,ANZ_PFX_FB_Leads-Conv_Australia_All-Expats_ShortForm-LP-Signup_NA_Static_Y-Boost-NAPLAN-White_101225,140078,3,Academic-Outcome,Outcome-First,Free-Class,Anonymous,Competition-Prep,Static-Graphic,English,Boost NAPLAN Score,Book a Free Class,none,NAPLAN preparation,High,NAPLAN static,name-only,no
anz_fb_leads_conv_nri-cities-female_australia_video_testimon,ANZ_FB_Leads_Conv_NRI-Cities-Female_Australia_Video_Testimonial-Montage_200326,138875,6,Behavioral-Outcome,Outcome-First,Free-Class,Anonymous,"Confidence,Foundation",UGC-polished,English,Multiple parents share testimonials,Book a Free Class,none,grades confidence foundation,Low,Testimonial montage AUS,testimonial-montage-aus,no
anz-uk_fb_leads_conv_int4c_uk_video_testimonial-minal,ANZ-UK_FB_Leads_Conv_int4C_UK_Video_Testimonial-Minal_250226,138578,6,Child-diagnosis,1-1-Personalization,Recommendation,Named-child,"Confidence,Personalization-Gap",UGC-polished,English,my daughter has less confidence,I definitely recommend my friends and family to join Cuemath,Minal Patel,my daughter needed more personalized attention,High,Minal Patel UK testimonial,english-testimonial-minal-patel,yes
static_y-chinese-vernac_boy,Static_Y-Chinese-Vernac_Boy_100426,134018,2,Cultural,Cultural-Relatability,Free-Class,Anonymous,Foundation,Static-Graphic,Mandarin,Chinese vernac boy static,Book a Free Class,none,strong math foundations,Low,Chinese vernac static,name-only,no
anz_fb_leads_conv_lal-payu_australia_video_tamil-parent-shoo,ANZ_FB_Leads_Conv_LAL-PayU_Australia_Video_Tamil-Parent-Shoot-in-English_020326,128908,8,Behavioral-Outcome,Outcome-First,Free-Class,Anonymous,Foundation,Studio,Tamil,Tamil parent testimonial in English,Book a Free Class,none,grades and foundation,Low,Tamil parent shoot,name-only,no
anz_fb_leads_conv_nri-cities-female_australia_static_y-testi,ANZ_FB_Leads_Conv_NRI-Cities-Female_Australia_Static_Y-Testimonial-Vishal_200326,127741,4,Academic-Outcome,Outcome-First,Free-Class,Named-child,Competition-Prep,Static-Graphic,English,He always is in the accelerated pathways,Book a Free Class,Vishal Sharma,top of his peer group in NAPLAN,High,Vishal NAPLAN static,english-testimonial-vishal-sharma-naplan,yes
testimonial-deepthi-31s-telugu,USA_PFX_FB_Leads-Conv_NA_Int-Expats-Telugu_LeadGen_NA_Video_Testimonial-Deepthi-31s-Telugu_111125,126409,3,Behavioral-Outcome,Outcome-First,Free-Class,Named-parent,Foundation,UGC-polished,Telugu,Deepthi Telugu testimonial,Book a Free Class,Deepthi Bandaru,grades and school improvement,Low,Telugu testimonial,telugu-testimonial-deepthi,no
b-around-your-child-v3,MEA_AKT_FB_Leads_Conv_UAE_High_ROAS_Creative_Scaling_LP_Signup_NA_Static-B-Around-Your-Child-V3-040126,125645,4,System-diagnosis,1-1-Personalization,Free-Class,Anonymous,Personalization-Gap,Static-Graphic,English,Around Your Child personalized attention,Book a Free Class,none,personalized attention each child,Medium,UAE Personalization static,name-only,no
ai-video-mathfit,AI-Video-MathFit_250226,125127,2,Future-readiness,MathFit,Free-Class,Anonymous,Concept-Clarity,AI-Generated,English,AI is changing everything—but the real edge is clear thinking,Book a Free 1:1 Trial Class,none,critical thinking logical reasoning speed with accuracy,High,AI Video MathFit,ai-video-mathfit,no
anz-nz_fb_leads_conv_hni_new-zealand_video_cuemath-hero-5-21,ANZ-NZ_FB_Leads_Conv_HNI_New-Zealand_Video_Cuemath-Hero-5-21s_140226,124440,2,Future-readiness,MathFit,Free-Class,Anonymous,Concept-Clarity,Animated,English,Cuemath hero brand video,Book a Free Class,none,builds thinking and concepts,Medium,Brand hero,name-only,no
anz_fb_leads_conv_india-expats_australia_video_testimonial-m,ANZ_FB_Leads_Conv_India-Expats_Australia_Video_Testimonial-Montage_180326,121621,5,Behavioral-Outcome,Outcome-First,Free-Class,Anonymous,"Confidence,Foundation",UGC-polished,English,Multiple parents share testimonials,Book a Free Class,none,parent peace of mind,Low,Testimonial montage AUS,testimonial-montage-aus,no
top-indian-tutors-nri-ad2,USA_FB_Leads_Conv_LAL_Enrolled_35-55_NRI_Contextual_Statics_LeadGen_NA_Static-Top-Indian-tutors-NRI-Ad2-230126,121516,2,Cultural,Cultural-Relatability,Free-Class,Anonymous,Foundation,Static-Graphic,English,Top Indian Tutors for NRI Kids,Book a Free Class,none,top 1% Indian tutors clarity confidence,High,NRI top-Indian-tutors variant,nri-contextual-statics,no
anz-nz_fb_leads_conv_payu_new-zealand_video_tamil-parent-sho,ANZ-NZ_FB_Leads_Conv_PayU_New-Zealand_Video_Tamil-Parent-Shoot-in-English_110226,119786,2,Behavioral-Outcome,Outcome-First,Free-Class,Anonymous,Foundation,Studio,Tamil,Tamil parent testimonial in English,Book a Free Class,none,grades and foundation,Low,Tamil parent shoot,name-only,no
static_y-ch-child,Static_Y-Ch-Child_280126,118354,5,Cultural,Cultural-Relatability,Free-Class,Anonymous,Engagement,Static-Graphic,English,Chinese child static,Book a Free Class,none,fun and engagement,Low,Chinese PLA child static,name-only,no
anz_fb_leads_conv_tv-channels_australia_static_w-testimonial,ANZ_FB_Leads_Conv_TV-Channels_Australia_Static_W-Testimonial-NAPLAN_140126,117073,2,Academic-Outcome,Outcome-First,Free-Class,Anonymous,Competition-Prep,Static-Graphic,English,NAPLAN testimonial static,Book a Free Class,none,NAPLAN preparation,High,,name-only,no
math_kangaroo_static_build_skills_v2,Math_Kangaroo_Static_Build_Skills_V2_040126,116679,3,Competition,Competition-Prep,Free-Class,Anonymous,Competition-Prep,Static-Graphic,English,Build Math Kangaroo skills,Book a Free Class,none,Math Kangaroo skills,High,,name-only,no
anz_fb_leads_conv_lal-ql-0to2%_australia_video_testimonial-n,ANZ_FB_Leads_Conv_LAL-QL-0to2%_Australia_Video_Testimonial-NAPLAN-Daphne_180326,115809,3,Academic-Outcome,Outcome-First,Free-Class,Named-child,Competition-Prep,UGC-polished,English,My son and daughter are very good at school. They are toppers,Book a Free Class,Daphne Venkatesh,He's got very good marks in NAPLAN,High,Daphne NAPLAN testimonial,aus-year-6-naplan-daphne-venkatesh-testimonial,yes
loved-by-uae-families-14-nov-2025,MEA_AKT_FB_Leads_Conv_Interest_Maths_Engaged_shoppers_Parents_with_preteens_NA_Static-Loved-by-UAE-Families-14-Nov-2025,115750,6,Cultural,Cultural-Relatability,Trust-Badge,Anonymous,Foundation,Static-Graphic,English,Loved by UAE Families,trusted by UAE families,none,family trust and outcomes,Medium,UAE social proof static,none,no
anz-nz_fb_leads_conv_hni_new-zealand_video_mother-video-v2,ANZ-NZ_FB_Leads_Conv_HNI_New-Zealand_Video_Mother-Video-V2_140226,115540,5,Behavioral-Outcome,Outcome-First,Free-Class,Anonymous,"Confidence,Foundation",UGC-polished,English,Mother video V2,Book a Free Class,none,confidence grades foundation,Low,Mother video,name-only,no
anz_fb_leads_conv_parenting_australia_video_testimonial-mont,ANZ_FB_Leads_Conv_Parenting_Australia_Video_Testimonial-Montage_310326,115179,3,Behavioral-Outcome,Outcome-First,Free-Class,Anonymous,Confidence,UGC-polished,English,Multiple parents share testimonials,Book a Free Class,none,parent peace of mind,Low,Testimonial montage AUS,testimonial-montage-aus,no
spring-build-strong-foundation,USA_FB_Leads_Conv_LAL_PayU_IndianAudience_NRI_35-55_NRI_Contextual_Statics_LeadGen_NA_Static-Spring-Build-Strong-Foundation-060426,114135,3,Enrichment,Top-Tutors,Free-Class,Anonymous,Foundation,Static-Graphic,English,Spring Build Strong Foundation,Book a Free Class,none,strong math foundations,High,NRI seasonal static,nri-contextual-statics,no
perf_influencer_deepthi_us,USA_FB_Leads_Conv_PayU_NRI_Audience_Signup_LP_Influencer_Perf_Edit_NA_Video_Perf_Influencer_Deepthi_US_250326,113521,6,Behavioral-Outcome,Outcome-First,Free-Class,Anonymous,Foundation,UGC-polished,English,Deepthi influencer endorsement,Book a Free Class,Deepthi influencer,grades and confidence,Low,Deepthi US perf cut,perf-edit-influencer-deepthi,no
anz_fb_leads_conv_int-parents_australia_video_testimonial-la,ANZ_FB_Leads_Conv_int-Parents_Australia_Video_Testimonial-Lakshmi_200326,112337,9,Enrichment,Top-Tutors,Free-Class,Named-parent,Foundation,UGC-polished,English,we want math and science to be our strong suits,Book a Free Class,Lakshmi,Trigonometry is something she said she needs to spend more time with,High,Lakshmi (Norway) testimonial,none,yes
w-naplan-2026-ready,ANZ_PFX_FB_Leads-Conv_Australia_PayU_LeadGen_NA_Static_W-NAPLAN-2026-Ready_241225,111999,5,Academic-Outcome,Outcome-First,Free-Class,Anonymous,Competition-Prep,Static-Graphic,English,NAPLAN 2026 Ready,Book a Free Class,none,NAPLAN preparation,High,,name-only,no
easter_hop_into_math_confidence,Easter_Hop_Into_Math_Confidence_240326,105084,2,Cultural,Cultural-Relatability,Free-Class,Anonymous,Confidence,Studio,English,Hop Into Math Confidence,Book a Free Class,none,build math confidence,Medium,Easter-themed static,name-only,no
testimonial-3kiran-rohini-30s-telugu,USA_PFX_FB_Leads-Conv_NA_Int-Expats-Telugu_LeadGen_NA_Video_Testimonial-3Kiran-Rohini-30s-Telugu_210825,104969,3,Behavioral-Outcome,Outcome-First,Free-Class,Named-parent,Foundation,UGC-polished,Telugu,Kiran Rohini Telugu testimonial,Book a Free Class,Kiran Rohini,grades and school improvement,Low,excluded-from-deck; Telugu vernac testimonial,none,no
high-school-algebra-to-ap-calculus,USA_FB_Leads_Conv_PayU_New_Audience_35-55_Statics_High_School_New_Concepts_LeadGen_NA_Static-High-School-Algebra-to-AP-Calculus-170426,104100,2,Academic-Outcome,Top-Tutors,Free-Class,Anonymous,"Late-Stage-HS,Topic-Calculus",Static-Graphic,English,High School Algebra to AP Calculus,Book a Free Class,none,Algebra through AP Calculus,High,High school progression static,name-only,no
anz-uk_fb_leads_conv_int4c_uk_video_influencer-sahar,ANZ-UK_FB_Leads_Conv_int4C_UK_Video_Influencer-Sahar_210426,102704,3,Behavioral-Outcome,Outcome-First,Free-Class,Anonymous,Confidence,UGC-polished,English,Sahar influencer endorsement,Book a Free Class,Sahar influencer,confidence and progress,Low,Sahar UK influencer,influencer-perf-edit-sahar,no
top-indian-tutors-nri-ad1,USA_FB_Leads_Conv_PayU_NRI_Audience_Signup_Old-LP_35-55_NRI_Contextual_Statics_NA_Static-Top-Indian-tutors-NRI-Ad1-010226,102159,2,Cultural,Cultural-Relatability,Free-Class,Anonymous,Foundation,Static-Graphic,English,Top Indian Tutors for NRI Kids,Book a Free Class,none,top 1% Indian tutors clarity confidence,High,NRI Top-Indian-tutors variant,nri-contextual-statics,no
anz_fb_leads_conv_expats-india_australia_video_testimonial-n,ANZ_FB_Leads_Conv_Expats-India_Australia_Video_Testimonial-NAPLAN-Daphne_060426,97022,6,Academic-Outcome,Outcome-First,Free-Class,Named-child,Competition-Prep,UGC-polished,English,My son and daughter are very good at school. They are toppers,Book a Free Class,Daphne Venkatesh,He's got very good marks in NAPLAN,High,Daphne NAPLAN testimonial,aus-year-6-naplan-daphne-venkatesh-testimonial,yes
tamil-parent-shoot-in-english,ANZ_PFX_FB_Leads-Conv_Australia_LeadGen_NA_Video_Tamil-Parent-Shoot-in-English_230126,94832,9,Behavioral-Outcome,Outcome-First,Free-Class,Anonymous,Foundation,UGC-polished,Tamil,Tamil parent testimonial in English,Book a Free Class,none,grades and foundation,Low,Tamil parent shoot,name-only,no
anz_fb_leads_conv_expats-india_australia_static_w-naplan-202,ANZ_FB_Leads_Conv_Expats-India_Australia_Static_W-NAPLAN-2027-Testimonial_150426,93818,5,Academic-Outcome,Outcome-First,Free-Class,Anonymous,Competition-Prep,Static-Graphic,English,NAPLAN 2027 Testimonial,Book a Free Class,none,NAPLAN preparation,High,,name-only,no
anz_fb_leads_conv_bollywood_australia_video_testimonial-mohi,ANZ_FB_Leads_Conv_Bollywood_Australia_Video_Testimonial-Mohit-Kukreja_140226,93167,2,Enrichment,1-1-Personalization,Recommendation,Named-child,Engagement,UGC-polished,English,We were looking for more of mathematics tutoring where they have more of creative thinking,I will 100% recommend Cuemath,Agam,He loves that challenge,High,Mohit Kukreja AUS testimonial,mohit-kukreja-australia-testimonial,yes
naplan-chinese-v2,ANZ_PFX_FB_Leads-Conv_Australia_LeadGen_NA_Static_NAPLAN-Chinese-V2_230126,93000,3,Cultural,Cultural-Relatability,Free-Class,Anonymous,Competition-Prep,Static-Graphic,English,NAPLAN Chinese-targeted static,Book a Free Class,none,NAPLAN preparation,Medium,Chinese-targeted NAPLAN PLA,name-only,no
anz_fb_leads_conv_lal-payu_australia_video_testimonial-arti,ANZ_FB_Leads_Conv_LAL-PayU_Australia_Video_Testimonial-Arti_150426,90943,4,Behavioral-Outcome,Outcome-First,Free-Class,Named-parent,Confidence,UGC-polished,English,Arti parent testimonial,Book a Free Class,Arti,confidence and progress,Low,Arti UGC testimonial,none,no
anz_fb_leads_conv_vernac-tamil-static_australia_static_ad3-t,ANZ_FB_Leads_Conv_Vernac-Tamil-Static_Australia_Static_Ad3-Tamil-Text_110226,89700,2,Cultural,Cultural-Relatability,Free-Class,Anonymous,Foundation,Static-Graphic,Tamil,Tamil vernac static,Book a Free Class,none,Tamil-language math support,Medium,Tamil vernac static,tamil-statics,no
anz_fb_leads_conv_parents-pri+sec-inf_australia_video_influe,ANZ_FB_Leads_Conv_Parents-Pri+Sec-Inf_Australia_Video_Influencer-Kanika_090226,89537,4,Behavioral-Outcome,Outcome-First,Free-Class,Anonymous,Personalization-Gap,UGC-polished,English,Kanika influencer endorsement,Book a Free Class,Kanika arora influencer,personalized attention,Low,Kanika AUS influencer,none,no
anz-nz_fb_leads_conv_parents-pri+sec_australia_form_static_c,ANZ-NZ_FB_Leads_Conv_Parents-Pri+Sec_Australia_Form_Static_Classroom-Math_280126,88298,2,System-diagnosis,1-1-Personalization,Free-Class,Anonymous,Personalization-Gap,Static-Graphic,English,Classroom math limitations,Book a Free Class,none,classroom math doesn't fit each child,Medium,Classroom-math static,name-only,no
anz_fb_leads_conv_lal-0to2-ql_australia_static_testimonial-d,ANZ_FB_Leads_Conv_LAL-0to2-QL_Australia_Static_Testimonial-Dharmender_200426,86628,3,Behavioral-Outcome,Outcome-First,Free-Class,Named-parent,Confidence,Static-Graphic,English,Dharmender parent testimonial,Book a Free Class,Dharmender,confidence and progress,Low,Dharmender static,none,no
mother-video-v2,ANZ_PFX_FB_Leads-Conv_Australia_PayU_LeadGen_NA_Video_Mother-Video-V2_140126,85120,4,Behavioral-Outcome,Outcome-First,Free-Class,Anonymous,Confidence,UGC-polished,English,Mother video V2,Book a Free Class,none,confidence and progress,Low,Mother video,name-only,no
anz-sg_fb_leads_conv_lal-payu_singapore_video_testimonial-gu,ANZ-SG_FB_Leads_Conv_LAL-PayU_Singapore_Video_Testimonial-Gunjan-Video-V2_310126,84813,2,Behavioral-Outcome,Outcome-First,Free-Class,Named-parent,Confidence,UGC-polished,English,Gunjan parent testimonial,Book a Free Class,Gunjan,grades and school confidence,Medium,SG Gunjan testimonial,name-only,no
jharna-gupta,USA_FB_Leads_Conv_Int_Influencer_Postboost_35-55_Advantage_ShortForm-LP_NA_Video_Jharna-Gupta_060126,84444,2,Behavioral-Outcome,Outcome-First,Free-Class,Anonymous,Confidence,UGC-polished,English,Jharna Gupta influencer endorsement,Book a Free Class,Jharna Gupta influencer,confidence grades parent peace,Low,Jharna influencer,none,no
anz_fb_leads_conv_all-expats_australia_static_w-child-fallin,ANZ_FB_Leads_Conv_All-Expats_Australia_Static_W-Child-Falling-Behind_070126,82967,3,Anxiety,Outcome-First,Free-Class,Anonymous,Foundation,Static-Graphic,English,Is your child falling behind in math?,Book a Free Class,none,grades and school improvement,High,Falling-behind static (anxiety hook),name-only,no
anz_fb_leads_conv_other-expats_australia_video_cuemath-hero-,ANZ_FB_Leads_Conv_Other-Expats_Australia_Video_Cuemath-Hero-5-21s_040226,82650,2,Future-readiness,MathFit,Free-Class,Anonymous,Concept-Clarity,Studio,English,Cuemath hero brand video,Book a Free Class,none,builds thinking and concepts,Medium,Brand hero,name-only,no
ai_video_math_confidence,AI_Video_Math_Confidence_240226,82397,2,Enrichment,MathFit,Free-Class,Anonymous,Confidence,AI-Generated,English,AI Math Confidence video,Book a Free Class,none,build math confidence,Medium,AI Video Math Confidence,ai-video-math-confidence,no
usa_fb_leads_conv_lal_payu_indianaudience_nri_35-55_leadgen_,USA_FB_Leads_Conv_LAL_PayU_IndianAudience_NRI_35-55_LeadGen_3MF_Static_B-Math-Learning-New_020126,81990,4,Enrichment,Top-Tutors,Free-Class,Anonymous,Foundation,Static-Graphic,English,Math Learning with top tutors,Book a Free Class,none,strong math foundations,Medium,NRI 3MF static,name-only,no
english-testimonial-priyanka-rai,USA_FB_Leads_Conv_LAL_PayU_IndianAudience_NRI_35-55_LeadGen_NA_Video_English-Testimonial-Priyanka-Rai-020126,81872,2,Behavioral-Outcome,Outcome-First,Free-Class,Named-parent,Foundation,UGC-polished,English,Priyanka parent testimonial,Book a Free Class,Priyanka D,grades and school improvement,Low,Priyanka D testimonial,influencer-perf-edit-priyanka-d,no
english_shoot_video,USA_FB_Leads_Conv_LAL_Enrolled_35-55_LeadGen_NA_Video_English_shoot_video_160126,81282,2,Behavioral-Outcome,Outcome-First,Free-Class,Anonymous,Foundation,Studio,English,English studio testimonial,Book a Free Class,none,grades and school,Low,English studio shoot,english-testimonial-studio-shoot,no
anz_fb_leads_conv_lal-ql-0to2%_australia_video_cuemath-hero-,ANZ_FB_Leads_Conv_LAL-QL-0to2%_Australia_Video_Cuemath-Hero-5-21s_280126,80536,4,Future-readiness,MathFit,Free-Class,Anonymous,Concept-Clarity,Animated,English,Cuemath hero brand video,Book a Free Class,none,builds thinking and concepts,Medium,Brand hero,name-only,no
anz_fb_leads_conv_india-expats_australia_video_testimonial-a,ANZ_FB_Leads_Conv_India-Expats_Australia_Video_Testimonial-Anushree_170226,79051,3,Behavioral-Outcome,Outcome-First,Free-Class,Named-parent,Confidence,UGC-polished,English,Anushree parent testimonial,Book a Free Class,Anushree,parent peace of mind,Low,Anushree AUS testimonial,none,no
anz_fb_leads_conv_locations_australia_video_testimonial-rish,ANZ_FB_Leads_Conv_Locations_Australia_Video_Testimonial-Rishva_170226,78514,3,Behavioral-Outcome,Outcome-First,Free-Class,Named-child,"Confidence,Foundation",UGC-polished,English,Rishva child testimonial,Book a Free Class,Rishva,confidence grades tutor quality,Low,Rishva testimonial,english-testimonial-rishva-patel,no
w-naplan-boost-math,ANZ_PFX_FB_Leads-Conv_Australia_PayU_LeadGen_NA_Static_W-NAPLAN-Boost-Math_291225,77784,7,Academic-Outcome,Outcome-First,Free-Class,Anonymous,Competition-Prep,Static-Graphic,English,Boost NAPLAN Math,Book a Free Class,none,NAPLAN preparation,High,NAPLAN Boost static,name-only,no
is-your-child-preparing,USA_FB_Leads_Conv_LAL_PayU_IndianAudience_NRI_35-55_Math-Kangaroo_LeadGen_NA_Static-Is-your-child-preparing-051225,76158,3,Competition,Competition-Prep,Free-Class,Anonymous,Competition-Prep,Static-Graphic,English,Is your child preparing for Math Kangaroo?,Book a Free Class,none,Math Kangaroo preparation,High,Math Kangaroo prep static,name-only,no
anz_fb_leads_conv_lal-ql-0to2%_australia_video_influencer-mo,ANZ_FB_Leads_Conv_LAL-QL-0to2%_Australia_Video_Influencer-Montage_180326,75947,3,Behavioral-Outcome,Outcome-First,Free-Class,Anonymous,Personalization-Gap,UGC-polished,English,Multiple influencers endorse Cuemath,Book a Free Class,none,personalized attention,Low,Influencer montage,influencers-aus,no
usa_pfx_fb_leads_conv_lal_0-2%_engaged_priyanshul-2,USA_PFX_FB_Leads_Conv_LAL_0-2%_Engaged_Priyanshul-2_031125,73050,2,System-diagnosis,Memorization-vs-Understanding,Free-Class,Anonymous,Concept-Clarity,Static-Graphic,English,Concept Clarity Over Memorization,Book a Free Trial Class,Priyanshul is influencer,strong concepts not rote learning,High,Priyanshul-2 static cut,influencer-edit-priyanshul-ig,no
anz_fb_leads_conv_vernac-tamil_australia_video_testimonial-p,ANZ_FB_Leads_Conv_Vernac-Tamil_Australia_Video_Testimonial-Purnita-Tamil-Primary-Text_290126,71340,2,Behavioral-Outcome,Outcome-First,Free-Class,Named-parent,Foundation,UGC-polished,Tamil,Purnita Tamil testimonial,Book a Free Class,Purnita,grades and school improvement,Low,Tamil vernac testimonial,none,no
anz_fb_leads_conv_india-expats_australia_video_testimonial-p,ANZ_FB_Leads_Conv_India-Expats_Australia_Video_Testimonial-Priyanka_280126,70885,2,Behavioral-Outcome,Outcome-First,Free-Class,Named-parent,Confidence,UGC-polished,English,Priyanka parent testimonial,Book a Free Class,Priyanka D,parent peace of mind,Low,Priyanka D AUS testimonial,influencer-perf-edit-priyanka-d,no
anz_fb_leads_conv_lal-ql-0to2%_australia_video_tamil-parent-,ANZ_FB_Leads_Conv_LAL-QL-0to2%_Australia_Video_Tamil-Parent-Shoot-in-English_280126,70043,2,Behavioral-Outcome,Outcome-First,Free-Class,Anonymous,Foundation,UGC-polished,Tamil,Tamil parent testimonial in English,Book a Free Class,none,grades and foundation,Low,Tamil parent shoot,name-only,no
postboost_placement_targeting_video_anu,USA_FB_Leads_Conv_Influencer_LAL_Enrolled_Signup_LP_Postboost_Placement_Targeting_Video_Anu_170326,69428,2,Behavioral-Outcome,Outcome-First,Free-Class,Anonymous,Confidence,UGC-polished,English,Anu influencer endorsement,Book a Free Class,Anu influencer,confidence and grades,Low,Anu influencer postboost,none,no
anz_fb_leads_conv_lal-payu_australia_video_testimonial-anush,ANZ_FB_Leads_Conv_LAL-PayU_Australia_Video_Testimonial-Anushree_170226,69237,2,Behavioral-Outcome,Outcome-First,Free-Class,Named-parent,"Confidence,Foundation",UGC-polished,English,Anushree parent testimonial,Book a Free Class,Anushree,confidence grades foundation,Low,Anushree AUS testimonial,none,no
anz-sg_fb_leads_conv_lal-payu_singapore_video_testimonial-mo,ANZ-SG_FB_Leads_Conv_LAL-PayU_Singapore_Video_Testimonial-Mohit-Kukreja_310126,68873,4,Enrichment,1-1-Personalization,Recommendation,Named-child,Engagement,Studio,English,We were looking for more of mathematics tutoring where they have more of creative thinking,I will 100% recommend Cuemath,Agam,He loves that challenge,High,Mohit Kukreja Singapore cut,mohit-kukreja-australia-testimonial,yes
anz-uk_fb_leads_conv_payu_uk_video_testimonial-gunjan-video-,ANZ-UK_FB_Leads_Conv_PayU_UK_Video_Testimonial-Gunjan-Video-V2_030326,67775,3,Behavioral-Outcome,Outcome-First,Offer-led,Named-parent,"Confidence,Foundation",UGC-polished,English,Gunjan parent testimonial,promotional offer,Gunjan,grades and confidence,Medium,Gunjan UK testimonial with promo,name-only,no
anz_fb_leads_conv_lal-payu_australia_video_testimonial-robin,ANZ_FB_Leads_Conv_LAL-PayU_Australia_Video_Testimonial-Robin-Wife_110226,67718,3,Behavioral-Outcome,Outcome-First,Free-Class,Named-parent,Confidence,UGC-polished,English,Robin's wife parent testimonial,Book a Free Class,Robin's wife,parent peace of mind,Low,Australia Robin Wife testimonial,australia-testimonial-recording-english-robin-wife,no
anz_fb_leads_conv_parents-all-pri+sec_australia_video_naplan,ANZ_FB_Leads_Conv_Parents-All-Pri+Sec_Australia_Video_NAPLAN-Testimonial-Vishal_020326,67077,3,Academic-Outcome,Outcome-First,Free-Class,Named-child,Competition-Prep,UGC-polished,English,He always is in the accelerated pathways,Book a Free Class,Vishal Sharma,top of his peer group in NAPLAN,High,Vishal NAPLAN testimonial,english-testimonial-vishal-sharma-naplan,yes
anz-sg_fb_leads_conv_int4c_singapore_video_tamil-parent-shoo,ANZ-SG_FB_Leads_Conv_int4C_Singapore_Video_Tamil-Parent-Shoot-in-English_050226,66919,3,Behavioral-Outcome,Outcome-First,Free-Class,Anonymous,Foundation,Studio,Tamil,Tamil parent testimonial in English,Book a Free Class,none,grades and foundation,Low,Tamil parent shoot,name-only,no
usa_akt_fb_leads_conv_int_expats-telugu_35-55_leadgen_telugu,USA_AKT_FB_Leads_Conv_Int_Expats-Telugu_35-55_LeadGen_Telugu_Creatives_Telugu_copy_Static_Balamaina_Math_Foundation_150126,66463,2,Cultural,Cultural-Relatability,Free-Class,Anonymous,Foundation,Static-Graphic,Telugu,Balamaina (strong) math foundation,Book a Free Class,none,strong math foundations Telugu,Medium,Telugu vernac static,name-only,no
english_testimonial_shalini_dropati,USA_FB_Leads_Conv_LAL_PayU_New_Audience_35-55_New_English_Generic_LeadGen_NA_Video_English_Testimonial_Shalini_Dropati_180226,66334,3,Child-diagnosis,Top-Tutors,Free-Class,Named-child,Confidence,UGC-polished,English,Is your child struggling to stay focused in math class?,Book a Free Class,Shalini Tripathi,feel more confident over time,High,Shalini Dropati testimonial,english-testimonial-shalini-dropati,yes
anz_fb_leads_conv_bollywood_australia_static_y-testimonial-v,ANZ_FB_Leads_Conv_Bollywood_Australia_Static_Y-Testimonial-Vishal_150326,66059,3,Academic-Outcome,Outcome-First,Free-Class,Named-child,Competition-Prep,Static-Graphic,English,He always is in the accelerated pathways,Book a Free Class,Vishal Sharma,top of his peer group in NAPLAN,High,Vishal NAPLAN static,english-testimonial-vishal-sharma-naplan,yes
australia-english-testimonial-05-nov-2025,MEA_AKT_FB_Leads_Conv_Cities_Int_Premium_Brands-New-Creatives-35-55_LeadGen_NA_Video-Australia-English-Testimonial-05-Nov-2025,63802,2,Behavioral-Outcome,Outcome-First,Free-Class,Anonymous,Confidence,UGC-polished,English,Australia parent testimonial,Book a Free Class,none,confidence and progress,Low,Australia testimonial reused for MEA,none,no
anz_fb_leads_conv_int-parents_australia_video_influencer-sah,ANZ_FB_Leads_Conv_int-Parents_Australia_Video_Influencer-Sahar_090426,63286,3,Behavioral-Outcome,Outcome-First,Free-Class,Anonymous,Confidence,UGC-polished,English,Sahar influencer endorsement,Book a Free Class,Sahar influencer,confidence and engagement,Low,Sahar AUS influencer,influencer-perf-edit-sahar,no
anz_fb_leads_conv_locations_australia_static_w-naplan-boost-,ANZ_FB_Leads_Conv_Locations_Australia_Static_W-NAPLAN-Boost-Math_060226,63269,2,Academic-Outcome,Outcome-First,Free-Class,Anonymous,Competition-Prep,Static-Graphic,English,Boost NAPLAN Math,Book a Free Class,none,NAPLAN preparation,High,NAPLAN Boost static,name-only,no
testimonial-aus-parent,ANZ_PFX_FB_Leads-Conv_Australia_LAL-0to2%_ShortForm-LP-Signup_NA_Video_Testimonial-Aus-Parent_020126,61515,2,Behavioral-Outcome,Outcome-First,Free-Class,Anonymous,Foundation,UGC-polished,English,Australia parent testimonial,Book a Free Class,none,grades and school,Low,AUS parent testimonial,none,no
anz_fb_leads_conv_int4c_australia_video_testimonial-lakshmi,ANZ_FB_Leads_Conv_int4C_Australia_Video_Testimonial-Lakshmi_060426,61068,3,Enrichment,Top-Tutors,Free-Class,Named-parent,Foundation,UGC-polished,English,we want math and science to be our strong suits,Book a Free Class,Lakshmi,Trigonometry — she needs more time,High,Lakshmi (Norway) testimonial,none,yes
anz_fb_leads_conv_razorpay_australia_video_testimonial-arti,ANZ_FB_Leads_Conv_Razorpay_Australia_Video_Testimonial-Arti_180426,60138,2,Behavioral-Outcome,Outcome-First,Free-Class,Named-parent,Confidence,UGC-polished,English,Arti parent testimonial,Book a Free Class,Arti,confidence and progress,Low,Arti UGC testimonial,none,no
anz_fb_leads_conv_lal-ql-0to2%_australia_static_y-testimonia,ANZ_FB_Leads_Conv_LAL-QL-0to2%_Australia_Static_Y-Testimonial-Vishal_090326,59886,3,Academic-Outcome,Outcome-First,Free-Class,Named-child,Competition-Prep,UGC-polished,English,He always is in the accelerated pathways,Book a Free Class,Vishal Sharma,top of his peer group in NAPLAN,High,Vishal NAPLAN static,english-testimonial-vishal-sharma-naplan,yes
anz_fb_leads_conv_vernac-telugu_australia_video_testimonial-,ANZ_FB_Leads_Conv_Vernac-Telugu_Australia_Video_Testimonial-Sravanthi-Telugu-Primary-Text_290126,59861,2,Academic-Outcome,Outcome-First,Free-Class,Named-parent,Foundation,UGC-polished,Telugu,Sravanthi Telugu testimonial,Book a Free Class,Sravanthi Kintali,At the grade level our children have improved a lot,Medium,Sravanthi Telugu testimonial; in Madhavi transcript,name-only,yes
anz_fb_leads_conv_int-parenting_australia_video_testimonial-,ANZ_FB_Leads_Conv_Int-Parenting_Australia_Video_Testimonial-Gunjan-Video-V2_050126,58319,2,Behavioral-Outcome,Outcome-First,Free-Class,Named-parent,Confidence,UGC-polished,English,Gunjan parent testimonial,Book a Free Class,Gunjan,parent peace of mind,Medium,Gunjan AUS testimonial,name-only,no
static_chinese_ace_math_competition,Static_Chinese_Ace_math_competition_030426,55559,2,Cultural,Competition-Prep,Free-Class,Anonymous,Competition-Prep,Static-Graphic,English,Ace Math Competition (Chinese),Book a Free Class,none,competition prep,Medium,Chinese-targeted competition static,name-only,no
strong-math-foundations-v2,MEA_AKT_FB_Leads_Conv_Dubai_Premium_Ecom_Brands_LP_Signup_NA_Static-Strong-Math-Foundations-V2-100226,55509,3,Enrichment,Top-Tutors,Free-Class,Anonymous,Foundation,Static-Graphic,English,Strong Math Foundations,Book a Free Class,none,strong math foundations,Medium,MEA Strong Foundations V2,name-only,no
perf_telegu_influencer_keerthi_us,USA_FB_Leads_Conv_PayU_LAL_New_Audience_Signup_New_BAU_NRI_LP_Influencer_Perf_Edit_NA_Video_Perf_Telegu_Influencer_Keerthi_US_250326,53884,2,System-diagnosis,1-1-Personalization,Free-Class,Named-both,"Personalization-Gap,Competition-Prep",UGC-polished,English,Worried your child isn't getting enough attention in large online math classes?,Book a Free Trial Class,Nisha Shah... Sunil,with preparation for competitions like AMC 8 and Math Kangaroo,High,Keerthi US perf cut,perf-telegu-influencer-keerthi-us,yes
anz-uk_fb_leads_conv_iindian-expats_singapore_video_cuemath-,ANZ-UK_FB_Leads_Conv_iIndian-Expats_Singapore_Video_Cuemath-Hero-5-21s_100226,53801,2,Future-readiness,MathFit,Free-Class,Anonymous,Concept-Clarity,Animated,English,Cuemath hero brand video,Book a Free Class,none,builds thinking and concepts,Medium,Brand hero,name-only,no
anz_fb_leads_conv_lal-0to2%-allqls-v2_australia_video_testim,ANZ_FB_Leads_Conv_LAL-0to2%-AllQLs-V2_Australia_Video_Testimonial-Gunjan-V2_050126,53340,3,Behavioral-Outcome,Outcome-First,Free-Class,Named-parent,Confidence,UGC-polished,English,Gunjan parent testimonial,Book a Free Class,Gunjan,confidence and grades,Medium,Gunjan AUS testimonial V2,name-only,no
english_testimonial_grade2_likita,USA_FB_Leads_Conv_PayU_New_Audience_35-55_English_Testimonials_Part2_LeadGen_NA_Video_English_Testimonial_Grade2_Likita_090426,52849,3,Enrichment,Top-Tutors,Free-Class,Named-child,Competition-Prep,UGC-polished,English,She was doing good but we wanted her to enroll in competitive maths like Math Kangaroo,Book a Free Trial Class,Swara,preparing for competitive math like Math Kangaroo,High,Likita Grade 2 testimonial,english-testimonial-grade-2-likita,yes
anz_fb_leads_conv_vernac-tamil_australia_video_testimonial-k,ANZ_FB_Leads_Conv_Vernac-Tamil_Australia_Video_Testimonial-Kaviya-Tamil-Primary-Text_290126,51404,2,Behavioral-Outcome,Outcome-First,Free-Class,Named-parent,Foundation,UGC-polished,Tamil,Kaviya Tamil testimonial,Book a Free Class,Kaviya,grades and school improvement,Low,Tamil vernac testimonial,tamil-testimonial-kaviya-g,no
static_y-ch-family,Static_Y-Ch-Family_230226,49852,2,Cultural,Cultural-Relatability,Free-Class,Anonymous,Foundation,Static-Graphic,English,Chinese family static,Book a Free Class,none,strong math foundations,Low,Chinese PLA family static,name-only,no
christmas-ho-ho-ho,Mea_PFX_FB_Leads-Conv_NA_Int-Female_LeadGen_NA_Static-Christmas-Ho-Ho-Ho-051225,48843,2,Cultural,Cultural-Relatability,Offer-led,Anonymous,Foundation,Static-Graphic,English,Christmas Ho Ho Ho promo,Christmas promotional offer,none,Christmas pricing offer,Low,Christmas seasonal static,name-only,no
anz_fb_leads_conv_int-parents_australia_video_kids-rapid-fir,ANZ_FB_Leads_Conv_int-Parents_Australia_Video_Kids-Rapid-Fire_090426,48212,2,Behavioral-Outcome,Outcome-First,Free-Class,Anonymous,Engagement,UGC-polished,English,Kids rapid fire shoot,Book a Free Class,none,fun and engagement,Medium,Kids rapid-fire shoot,kids-rapid-fire-centre-shoot,no
anz_fb_leads_conv_lal-payu_australia_video_testimonial-minal,ANZ_FB_Leads_Conv_LAL-PayU_Australia_Video_Testimonial-Minal_250226,47537,2,Child-diagnosis,1-1-Personalization,Recommendation,Named-child,"Confidence,Personalization-Gap",UGC-polished,English,my daughter has less confidence,I definitely recommend my friends and family to join Cuemath,Minal Patel,my daughter needed more personalized attention,High,Minal Patel testimonial,english-testimonial-minal-patel,yes
english_testimonial_anushree_jain,USA_FB_Leads_Conv_LAL_PayU_IndianAudience_NRI_35-55_New_English_Generic_LeadGen_NA_Video_English_Testimonial_Anushree_Jain_180226,47231,2,Behavioral-Outcome,Outcome-First,Free-Class,Named-parent,"Speed-Accuracy,Foundation",UGC-polished,English,He calculate very fast,Book a Free Class,Anushree Jain,he knows how to convert kilogram and gram he grabs it very quickly,High,Anushree Jain testimonial,english-testimonial-anushree-jain,yes
testimonial_tripura_shankar,USA_FB_Leads_Conv_Razorpay_NRI_Audience_35-55_English_Testimonials_Part2_LeadGen_NA_Video_Testimonial_Tripura_Shankar_070426,47066,2,System-diagnosis,1-1-Personalization,Free-Class,Named-child,"Personalization-Gap,Foundation",UGC-polished,English,Before Cuemath we have tried Kumon Mathnasium which we felt was not kid specific,Book a Free Class,Anaisha,Cuemath's one-to-one focus helped my kid focus better,High,Tripura Shankar testimonial,k-2-testimonial-tripura-shankar,yes
anz_fb_leads_conv_parents-all-pri+sec_australia_static_w-nap,ANZ_FB_Leads_Conv_Parents-All-Pri+Sec_Australia_Static_W-NAPLAN-Boost-Math_290126,45782,3,Academic-Outcome,Outcome-First,Free-Class,Anonymous,Competition-Prep,Static-Graphic,English,Boost NAPLAN Math,Book a Free Class,none,NAPLAN preparation,High,NAPLAN Boost static,name-only,no
anz_fb_leads_conv_expats-india_australia_video_naplan-review,ANZ_FB_Leads_Conv_Expats-India_Australia_Video_NAPLAN-Review-Static-Based_060426,42442,2,Academic-Outcome,Outcome-First,Free-Class,Anonymous,Competition-Prep,Static-Graphic,English,NAPLAN review static-based,Book a Free Class,none,NAPLAN preparation,High,NAPLAN review video,naplan-review-video-static-based,no
anz-nz_fb_leads_conv_parents-pri+sec_australia_form_video_te,ANZ-NZ_FB_Leads_Conv_Parents-Pri+Sec_Australia_Form_Video_Testimonial-Manish_280126,41831,2,Behavioral-Outcome,Outcome-First,Free-Class,Named-parent,Foundation,UGC-polished,English,Manish parent testimonial,Book a Free Class,Manish,grades and foundation,Low,Manish AUS testimonial,manish-english-testimonial-australia-recording,no
anz_fb_leads_conv_int-parenting_australia_static_naplan-chin,ANZ_FB_Leads_Conv_Int-Parenting_Australia_Static_NAPLAN-Chinese_050126,41648,2,Cultural,Cultural-Relatability,Free-Class,Anonymous,Competition-Prep,Static-Graphic,English,NAPLAN Chinese-targeted static,Book a Free Class,none,NAPLAN preparation,Medium,Chinese-targeted NAPLAN static,name-only,no
anz_fb_leads_conv_lal-payu_australia_video_mother-video-v2,ANZ_FB_Leads_Conv_LAL-PayU_Australia_Video_Mother-Video-V2_290126,41095,3,Behavioral-Outcome,Outcome-First,Free-Class,Anonymous,"Confidence,Foundation",UGC-polished,English,Mother video V2,Book a Free Class,none,confidence grades parent peace,Low,Mother video,name-only,no
anz_fb_leads_conv_lal-payu_australia_video_testimonial-priya,ANZ_FB_Leads_Conv_LAL-PayU_Australia_Video_Testimonial-Priyanka_110226,38373,2,Behavioral-Outcome,Outcome-First,Free-Class,Named-parent,Foundation,UGC-polished,English,Priyanka parent testimonial,Book a Free Class,Priyanka D,grades and school,Low,Priyanka D testimonial,influencer-perf-edit-priyanka-d,no
video_chinese-hero-28s,Video_Chinese-Hero-28s_280126,38334,2,Cultural,Cultural-Relatability,Free-Class,Anonymous,Foundation,Studio,Mandarin,Chinese hero video,Book a Free Class,none,strong math foundations,Low,Chinese hero studio,name-only,no
anz_fb_leads_conv_locations_australia_video_testimonial-gunj,ANZ_FB_Leads_Conv_Locations_Australia_Video_Testimonial-Gunjan-Video-V2_060226,35719,2,Behavioral-Outcome,Outcome-First,Free-Class,Named-parent,Confidence,Studio,English,Gunjan parent testimonial,Book a Free Class,Gunjan,parent peace of mind,Medium,Gunjan AUS testimonial,name-only,no
anz-sg_fb_leads_conv_int4c_singapore_static_strong-maths-fou,ANZ-SG_FB_Leads_Conv_int4C_Singapore_Static_Strong-Maths-Foundations_110226,32226,2,Enrichment,Top-Tutors,Free-Class,Anonymous,Foundation,Static-Graphic,English,Strong Math Foundations,Book a Free Class,none,strong math foundations,Medium,SG Strong Foundations static,name-only,no
anz-sg_fb_leads_conv_lal-payu_singapore_video_testimonial2-r,ANZ-SG_FB_Leads_Conv_LAL-PayU_Singapore_Video_Testimonial2-Rishva_260226,31972,2,Behavioral-Outcome,Outcome-First,Free-Class,Named-child,"Confidence,Foundation",UGC-polished,English,Rishva child testimonial,Book a Free Class,Rishva,confidence and grades,Low,Rishva SG testimonial,english-testimonial-rishva-patel,no
influencer_perf_edit_shweta_negi,USA_FB_Leads_Conv_Expats_NRI_Audience_Signup_LP_Influencer_Perf_Edit_NA_Video_Influencer_Perf_Edit_Shweta_Negi_250326,29769,2,Behavioral-Outcome,Outcome-First,Free-Class,Anonymous,Personalization-Gap,UGC-polished,English,Shweta Negi influencer endorsement,Book a Free Class,Shweta Negi influencer,personalized attention,Medium,Shweta Negi perf cut,perf-cut-shweta-negi,no
anz_fb_leads_conv_rm-combined_australia_video_testimonial-gu,ANZ_FB_Leads_Conv_RM-Combined_Australia_Video_Testimonial-Gunjan-Video-V2_050126,29745,3,Behavioral-Outcome,Outcome-First,Free-Class,Named-parent,Confidence,Studio,English,Gunjan parent testimonial,Book a Free Class,Gunjan,confidence grades parent peace,Medium,Gunjan AUS retargeting testimonial,name-only,no
brand-mission-27s,MEA_AKT_FB_Leads_Conv_UAE_High_Intent_Targeting_Signup_LP_NA_Video_Brand-Mission-27s_080226,29520,2,Future-readiness,MathFit,Free-Class,Anonymous,Concept-Clarity,Static-Graphic,English,Brand Mission 27s,Book a Free Class,none,builds thinking and concepts,Medium,MEA brand mission video,name-only,no
english-testimonial-kasi-madi-25s,CAN_FB_Leads_Conv_Expats_34-55_Signup_Old_LP_NA_Video_English-Testimonial-Kasi-Madi-25s_020126,26008,2,Behavioral-Outcome,Outcome-First,Free-Class,Named-parent,Confidence,UGC-polished,English,Kasi Madi parent testimonial,Book a Free Class,Kasi Madi,parent peace of mind,Low,Canada Kasi Madi testimonial,none,no
strong-math-foundations,USA_FB_Leads_Conv_LAL_Enrolled_35-55_Republic_Day_LeadGen_NA_Static-strong-math-foundations-200126,24325,2,Enrichment,Top-Tutors,Free-Class,Anonymous,Foundation,Static-Graphic,English,Strong Math Foundations,Book a Free Class,none,strong math foundations,High,Republic Day Strong Foundations static,name-only,no
static_accelerate_toward_ap_calculus_bc,USA_FB_Leads_Conv_CTF_LAL_Enrolled_Signup_LP_Static_Accelerate_Toward_AP_Calculus_BC_180326,22015,3,Academic-Outcome,Top-Tutors,Free-Class,Anonymous,"Late-Stage-HS,Topic-Calculus",Static-Graphic,English,Accelerate Toward AP Calculus BC,Book a Free Class,none,AP Calculus BC mastery,High,High school AP Calculus static,name-only,no
anz_fb_leads_conv_parents-all-pri+sec_australia_static_w-tes,ANZ_FB_Leads_Conv_Parents-All-Pri+Sec_Australia_Static_W-Testimonial-NAPLAN_290126,19070,2,Academic-Outcome,Outcome-First,Free-Class,Anonymous,Competition-Prep,Static-Graphic,English,NAPLAN testimonial static,Book a Free Class,none,NAPLAN preparation,High,,name-only,no
anz-nz_fb_leads_conv_payu_new-zealand_video_new-hero-4,ANZ-NZ_FB_Leads_Conv_PayU_New-Zealand_Video_New-Hero-4_110226,12462,2,Future-readiness,MathFit,Free-Class,Anonymous,Concept-Clarity,Animated,English,New Hero Video 4,Book a Free Class,none,builds thinking and concepts,Medium,New hero video 4,new-hero-video-4,no
