ad_name,ad_id,talent,spend,QL,NRI,TQL_booked,TD,CPTD,content_format,creative_type,talent_type,talent_name,production_style,campaign_audience,pain_benefit,headline_theme,language
ANZ-NZ_FB_Leads_Conv_Parents-Pri+Sec_New-Zealand_Form_Video_Testimonial-Shalini_170226,120242178382950529,Shalini,36159,2,0,0,0,,Testimonial,Video,Influencer,Shalini,UGC,General (BAU),Parent Peace of Mind,Social Proof,English
ANZ-NZ_FB_Leads_Conv_PayU_New-Zealand_Video_Testimonial2-Shalini_250226,120242507480770529,Shalini,14959,0,0,0,0,,Testimonial,Video,Influencer,Shalini,UGC,HNI (BAU),Grades & School,Student Outcomes,English
ANZ-SG_FB_Leads_Conv_LAL-PayU_Singapore_Video_Testimonial2-Shalini_260226,120242579935510529,Shalini,13117,1,1,1,0,,Testimonial,Video,Influencer,Shalini,UGC,Lookalike (BAU),Confidence | Grades & School,Social Proof,English
ANZ-UK_FB_Leads_Conv_PayU_UK_Video_Testimonial2-Shalini_190226,120242204454250529,Shalini,270371,33,22,13,6,45062.0,Testimonial,Video,Influencer,Shalini,UGC,Lookalike (BAU),Confidence | Grades & School | Parent Peace of Mind,Student Outcomes | Parent Peace of Mind,English
ANZ-UK_FB_Leads_Conv_int4C_UK_Video_Influencer-Sahar_210426,120245405922870529,Sahar,102704,19,17,10,3,34235.0,,,,,,,,,
ANZ_FB_Leads_Conv_Bollywood_Australia_Video_Edited-Deepthi_250326,120243755015130529,Deepthi,16066,0,0,0,0,,Testimonial,Video,Influencer,Deepthi Bandaru,UGC,Interest (BAU),Grades & School,Student Outcomes,English
ANZ_FB_Leads_Conv_Bollywood_Australia_Video_Edited-Jia_250326,120243753300320529,Jia,28828,1,1,0,0,,Testimonial,Video,Influencer,Jia,UGC,General (BAU),Confidence | Grades & School,Student Outcomes,English
ANZ_FB_Leads_Conv_Bollywood_Australia_Video_Influencer-Sahar_210426,120245401638320529,Sahar,51844,4,4,4,1,51844.0,,,,,,,,,
ANZ_FB_Leads_Conv_Influencers_Australia_Video_Influencer-Priya-Anand_270426,120245840358690529,Priya Anand,2982,0,0,0,0,,,,,,,,,,
ANZ_FB_Leads_Conv_Influencers_Australia_Video_Influencer-Sahar_090426,120244693754020529,Sahar,194163,20,13,19,6,32361.0,,,,,,,,,
ANZ_FB_Leads_Conv_Influencers_Australia_Video_Influencer-Seema_270426,120245845647790529,Seema,6715,0,0,0,0,,,,,,,,,,
ANZ_FB_Leads_Conv_Influencers_Australia_Video_Influencer-Shalini_270426,120245843141510529,Shalini,30705,0,0,0,0,,,,,,,,,,
ANZ_FB_Leads_Conv_Influencers_Australia_Video_Jayashree_200326,120243664896190529,Jayashree,28048,1,1,1,1,28048.0,Testimonial,Video,Influencer,Jayashree,UGC,Influencer,Confidence,Social Proof,English
ANZ_FB_Leads_Conv_Influencers_Australia_Video_Jugnu_200326,120243665219520529,Jugnu,203515,24,13,22,8,25439.0,Testimonial,Video,Influencer,Jugnu,UGC,Influencer,Confidence,Student Outcomes,English
ANZ_FB_Leads_Conv_Locations_Australia_Video_Testimonial-Shalini_170226,120242178004990529,Shalini,20230,0,0,0,0,,Testimonial,Video,Influencer,Shalini,UGC,Geo (BAU),Personalization,Student Outcomes,English
ANZ_FB_Leads_Conv_Parents-Pri+Sec-Inf_Australia_Video_Influencer-Heena_160226,120242101740470529,Heena,26201,1,0,0,0,,Testimonial,Video,Influencer,Heena,UGC,Influencer (BAU),Confidence | Grades & School | Parent Peace of Mind,Social Proof | Parent Peace of Mind,English
ANZ_FB_Leads_Conv_Razorpay_Australia_Video_Influencer-Sahar_210426,120245401817880529,Sahar,54584,5,4,5,1,54584.0,,,,,,,,,
ANZ_FB_Leads_Conv_int-Parents_Australia_Video_Influencer-Sahar_090426,120244693522100529,Sahar,63286,6,4,6,3,21096.0,,,,,,,,,
ANZ_FB_Leads_Conv_int4C_Australia_Video_Influencer-Sahar_210426,120245405877590529,Sahar,14409,0,0,0,0,,,,,,,,,,
ANZ_FB_Leads_Conv_int4C_Australia_Video_Jugnu_210426,120245405877600529,Jugnu,24481,3,3,3,0,,,,,,,,,,
CAN_FB_Leads_Conv_LAL_Enrolled_Signup_Old-LP_35-55_Influencer_NA_Video_Heena_030226,120241716956060529,Heena,10400,0,0,0,0,,Testimonial,Video,Influencer,Heena,UGC,Influencer (BAU),Personalization,Student Outcomes,English
CAN_FB_Leads_Conv_LAL_Enrolled_Signup_Old-LP_35-55_Influencer_NA_Video_Keerthi_030226,120241716956080529,Keerthi,4415,0,0,0,0,,,,,,,,,,
CAN_FB_Leads_Conv_LAL_Enrolled_Signup_Old-LP_35-55_Influencer_NA_Video_Priyanshul_IG_video_290126,120241716956070529,Priyanshul,13700,0,0,0,0,,Testimonial,Video,Influencer,Priyanshul,UGC,Influencer (BAU),Grades & School,Student Outcomes,English
Influencer-Video_Priyanshul_260126,120237579406190278,Priyanshul,8289,0,0,0,0,,Testimonial,Video,Influencer,Priyanshul,UGC,NRI (PLA),Confidence | Grades & School,Student Outcomes,English
MEA_AKT_FB_Leads_Conv_Dubai_Premium_Ecom_Brands_LP_Signup_Influencer_Videos_NA_Video_Keerthi_200426,120245400563480529,Keerthi,2621,2,2,2,1,2621.0,,,,,,,,,
MEA_AKT_FB_Leads_Conv_Dubai_Premium_Ecom_Brands_LP_Signup_Influencer_Videos_NA_Video_Priyanshul_200426,120245400563470529,Priyanshul,4388,0,0,0,0,,,,,,,,,,
MEA_AKT_FB_Leads_Conv_Dubai_Premium_Ecom_Brands_LP_Signup_Influencer_Videos_NA_Video_Video_Shalini_Inhouse_Edit_200426,120245400563500529,Shalini,4559,0,0,0,0,,,,,,,,,,
MEA_AKT_FB_Leads_Conv_Dubai_Premium_Ecom_Brands_LP_Signup_Influencer_Videos_NA_Video_Video_Shweta_Negi_200426,120245400563490529,Shweta Negi,64426,9,8,9,3,21476.0,,,,,,,,,
USA_AKT_FB_Leads_Conv_Advantage+Audience_Telugu_ShortForm-LP_NA_Video_Testimonial-Deepthi-31s-Telugu_11-Nov-2025,120234332269380278,Deepthi,6802,0,0,0,0,,Testimonial,Video,Parent,Deepthi,UGC,Vernacular,Grades & School,Student Outcomes,Telugu
USA_AKT_FB_Leads_Conv_Advantage+Audience_Telugu_ShortForm-LP_NA_Video_Testimonial-Deepthi-31s-Telugu_11-Nov-2025,120235206502310278,Deepthi,3865,0,0,0,0,,Testimonial,Video,Parent,Deepthi,UGC,Vernacular,Grades & School,Student Outcomes,Telugu
USA_AKT_FB_Leads_Conv_Advantage+Audience_Telugu_ShortForm-LP_NA_Video_Testimonial-Deepthi-31s-Telugu_11-Nov-2025,120235847446030278,Deepthi,3094,0,0,0,0,,Testimonial,Video,Parent,Deepthi,UGC,Vernacular,Grades & School,Student Outcomes,Telugu
USA_AKT_FB_Leads_Conv_Advantage+Audience_Telugu_ShortForm-LP_NA_Video_Testimonial-Deepthi-31s-Telugu_11-Nov-2025,120235847446080278,Deepthi,2221,0,0,0,0,,Testimonial,Video,Parent,Deepthi,UGC,Vernacular,Grades & School,Student Outcomes,Telugu
USA_AKT_FB_Leads_Conv_Expats_NRI_Telugu_LeadGen_NA_Video_Testimonial-Deepthi-31s-Telugu_180226,120238541777670278,Deepthi,8873,0,0,0,0,,Testimonial,Video,Influencer,Deepthi Bandaru,UGC,Vernacular (BAU),Grades & School,Student Outcomes,Telugu
USA_FB_Leads_Conv_Advantage_Audience_Gujarati_35_55_LeadGen_NA_Video_Gujarati-Testimonial-Nidhi-Shah-020126,120236834449590278,Nidhi,9111,1,1,1,1,9111.0,Testimonial,Video,Influencer,Nidhi,UGC,Vernacular (BAU),Confidence,Student Outcomes,Gujarati
USA_FB_Leads_Conv_Advantage_Audience_Telugu_LeadGen_35-55_LeadGen_NA_Video_Perf_Telegu_Influencer_Anudeep_US_150426,120241481364500278,Anudeep,12360,1,1,0,0,,Testimonial,Video,Influencer,Anudeep,UGC,Vernacular (BAU),Grades & School,Student Outcomes,Telugu
USA_FB_Leads_Conv_Advantage_Audience_Telugu_LeadGen_35-55_LeadGen_NA_Video_Perf_Telegu_Influencer_Keerthi_US_150426,120241481364510278,Keerthi,1758,0,0,0,0,,,,,,,,,,
USA_FB_Leads_Conv_CTF_LAL_Enrolled_Signup_LP_Video_Influencer_Perf_Edit_Shweta_Negi_180326,120239883994660278,Shweta Negi,28215,1,0,0,0,,Testimonial,Video,Influencer,Shweta Negi,UGC,General,Confidence,Student Outcomes,English
USA_FB_Leads_Conv_CTF_LAL_Enrolled_Signup_LP_Video_Influencer_Perf_Twitter_Edit_Heena_180326,120239882516720278,Heena,9128,0,0,0,0,,Testimonial,Video,Influencer,Heena,UGC,General,Confidence,Social Proof,English
USA_FB_Leads_Conv_Expats_Female_35_55_Signup_LP_Influencer_Perf_Edit_NA_Video_Influencer_Perf_Twitter_Edit_Heena_130426,120241373282360278,Heena,3525,0,0,0,0,,,,,,,,,,
USA_FB_Leads_Conv_Expats_Female_35_55_Signup_LP_Influencer_Perf_Edit_NA_Video_Perf_Influencer_Deepthi_US_130426,120241373282370278,Deepthi,51727,3,2,3,2,25864.0,Testimonial,Video,Influencer,Deepthi Bandaru,UGC,NRI (BAU),Parent Peace of Mind,Social Proof,English
USA_FB_Leads_Conv_Expats_Female_35_55_Signup_LP_Influencer_Perf_Edit_NA_Video_Perf_Influencer_Jia_US_130426,120241373282390278,Jia,7438,0,0,0,0,,Testimonial,Video,Influencer,Jia,UGC,NRI (BAU),Parent Peace of Mind,Parent Peace of Mind,English
USA_FB_Leads_Conv_Expats_NRI_Audience_35-55_LeadGen_NA_Video_Influencer_Perf_Edit_Shweta_Negi_060426,120240962190550278,Shweta Negi,3608,1,0,1,0,,,,,,,,,,
USA_FB_Leads_Conv_Expats_NRI_Audience_35-55_LeadGen_NA_Video_Influencer_Perf_Twitter_Edit_Heena_060426,120240962264310278,Heena,512,0,0,0,0,,,,,,,,,,
USA_FB_Leads_Conv_Expats_NRI_Audience_35-55_LeadGen_NA_Video_Perf_Influencer_Deepthi_US_060426,120240962247770278,Deepthi,1635,0,0,0,0,,,,,,,,,,
USA_FB_Leads_Conv_Expats_NRI_Audience_Signup_LP_Influencer_Perf_Edit_NA_Video_Influencer_Perf_Edit_Shweta_Negi_250326,120240203002900278,Shweta Negi,29769,3,1,2,2,14885.0,Testimonial,Video,Influencer,Shweta Negi,UGC,NRI,Personalization,Student Outcomes,English
USA_FB_Leads_Conv_Expats_NRI_Audience_Signup_LP_Influencer_Perf_Edit_NA_Video_Influencer_Perf_Twitter_Edit_Heena_250326,120240203002890278,Heena,24610,2,1,2,1,24611.0,Testimonial,Video,Influencer,Heena,UGC,NRI,Personalization,Social Proof,English
USA_FB_Leads_Conv_Expats_NRI_Audience_Signup_LP_Influencer_Perf_Edit_NA_Video_Perf_Influencer_Deepthi_US_250326,120240201137300278,Deepthi,7394,0,0,0,0,,Testimonial,Video,Influencer,Deepthi,UGC,NRI,Personalization | Grades & School | Parent Peace of Mind,Personalized Learning | Student Outcomes,English
USA_FB_Leads_Conv_Expats_NRI_Audience_Signup_LP_Influencer_Perf_Edit_NA_Video_Perf_Influencer_Jia_US_250326,120240201137310278,Jia,5078,0,0,0,0,,Testimonial,Video,Influencer,Jia,UGC,NRI (BAU),Grades & School,Student Outcomes,English
USA_FB_Leads_Conv_Expats_NRI_Audience_Signup_LP_Influencer_Perf_Edit_NA_Video_Perf_Telegu_Influencer_Anudeep_US_250326,120240201137380278,Anudeep,32825,2,0,2,0,,Testimonial,Video,Influencer,Anudeep,UGC,NRI,Personalization,Student Outcomes,Telugu
USA_FB_Leads_Conv_Expats_NRI_Audience_Signup_LP_Influencer_Perf_Edit_NA_Video_Perf_Telegu_Influencer_Keerthi_US_250326,120240201137390278,Keerthi,15857,0,0,0,0,,,,,,,,,,
USA_FB_Leads_Conv_Expats_NRI_Audience_Telugu_LeadGen_35-55_LeadGen_NA_Video_Perf_Telegu_Influencer_Anudeep_US_150426,120241481162280278,Anudeep,26234,1,1,0,0,,Testimonial,Video,Influencer,Anudeep,UGC,Vernacular (BAU),Grades & School,Social Proof,Telugu
USA_FB_Leads_Conv_Expats_NRI_Audience_Telugu_LeadGen_35-55_LeadGen_NA_Video_Perf_Telegu_Influencer_Keerthi_US_150426,120241481279700278,Keerthi,9564,1,1,0,0,,Testimonial,Video,Parent,Keerthi,UGC,Vernacular (BAU),Grades & School,Student Outcomes,Telugu
USA_FB_Leads_Conv_Expats_NRI_Signup_Old-LP_35-55_Influencer_NA_Video_Heena_030226,120241670914200529,Heena,19395,1,1,1,1,19395.0,Testimonial,Video,Parent,Heena,UGC,NRI,Parent Peace of Mind,Social Proof,English
USA_FB_Leads_Conv_Expats_NRI_Signup_Old-LP_35-55_Influencer_NA_Video_Keerthi_030226,120241670914240529,Keerthi,111467,7,7,5,4,27867.0,Testimonial,Video,Influencer,Keerthi,UGC,NRI,Personalization,Social Proof,English
USA_FB_Leads_Conv_Expats_NRI_Signup_Old-LP_35-55_Influencer_NA_Video_Priyanshul_IG_video_290126,120241670914190529,Priyanshul,152903,7,7,7,3,50968.0,Testimonial,Video,Influencer,Priyanshul,UGC,NRI,Personalization,Social Proof,English
USA_FB_Leads_Conv_Influencer_35_55_Advantage_LP_Signup_NA_Video_Shalini_Inhouse_Edit_030326,120239188820820278,Shalini,171169,15,11,15,4,42792.0,Testimonial,Video,Influencer,Shalini,Studio,Influencer,Personalization,Student Outcomes,English
USA_FB_Leads_Conv_Influencer_35_55_Advantage_LP_Signup_NA_Video_Shalini_Inhouse_Edit_030326,120239189240020278,Shalini,11040,15,11,15,4,2760.0,Testimonial,Video,Influencer,Shalini,Studio,Influencer,Personalization,Student Outcomes,English
USA_FB_Leads_Conv_Influencer_35_55_Advantage_LP_Signup_NA_Video_Shalini_Inhouse_Edit_310326,120240616861110278,Shalini,32329,2,0,2,0,,Testimonial,Video,Influencer,Shalini,Studio,Influencer,Personalization,Social Proof,English
USA_FB_Leads_Conv_Influencer_Expats_Part1_Signup_LP_Postboost_Video_Ana_250426,120242048174160278,Ana,13387,0,0,0,0,,,,,,,,,,
USA_FB_Leads_Conv_Influencer_Expats_Part1_Signup_LP_Postboost_Video_Anudeep_250426,120242048174140278,Anudeep,20497,2,2,2,0,,,,,,,,,,
USA_FB_Leads_Conv_Influencer_Expats_Part1_Signup_LP_Postboost_Video_Jayashree_250426,120242048174280278,Jayashree,5548,0,0,0,0,,,,,,,,,,
USA_FB_Leads_Conv_Influencer_Expats_Part1_Signup_LP_Postboost_Video_Priyanka_D_280426,120242225977960278,Priyanka D,7818,0,0,0,0,,,,,,,,,,
USA_FB_Leads_Conv_Influencer_Expats_Part2_Signup_LP_Postboost_Video_Priyanka_D_250426,120242048174260278,Priyanka D,2767,0,0,0,0,,,,,,,,,,
USA_FB_Leads_Conv_Influencer_Expats_Part3_Signup_LP_Postboost_Video_Seema_250426,120242048174250278,Seema,12047,0,0,0,0,,,,,,,,,,
USA_FB_Leads_Conv_Influencer_LAL_Enrolled_Signup_LP_Edited_Videos_Video_Jayashree_190326,120239943918040278,Jayashree,8039,0,0,0,0,,Testimonial,Video,Influencer,Jayashree,UGC,Influencer (BAU),Grades & School,Student Outcomes,English
USA_FB_Leads_Conv_Influencer_LAL_Enrolled_Signup_LP_Edited_Videos_Video_Jugnu_190326,120239943917910278,Jugnu,7551,0,0,0,0,,Testimonial,Video,Influencer,Jugnu,UGC,Influencer,Personalization,Social Proof,English
USA_FB_Leads_Conv_Influencer_LAL_Enrolled_Signup_LP_Edited_Videos_Video_Priyanshul_190326,120239943918010278,Priyanshul,36679,1,1,1,1,36680.0,Testimonial,Video,Influencer,Priyanshul,UGC,Influencer,Confidence | Grades & School | Foundation Building,Student Outcomes | Social Proof,English
USA_FB_Leads_Conv_Influencer_LAL_Enrolled_Signup_LP_Edited_Videos_Video_Priyanshul_IG_220326,120240060493730278,Priyanshul,3114,0,0,0,0,,,,,,,,,,
USA_FB_Leads_Conv_Influencer_LAL_Enrolled_Signup_LP_Edited_Videos_Video_Sahar_190326,120240060662320278,Sahar,2110,0,0,0,0,,,,,,,,,,
USA_FB_Leads_Conv_Influencer_LAL_Enrolled_Signup_LP_Postboost_Placement_Targeting_Video_Abhilasha_170326,120239881551660278,Abhilasha,11865,0,0,0,0,,Testimonial,Video,Influencer,Abhilasha,UGC,Influencer,Confidence,Student Outcomes,English
USA_FB_Leads_Conv_Influencer_LAL_Enrolled_Signup_LP_Postboost_Placement_Targeting_Video_Jayashree_170326,120239827694020278,Jayashree,11060,0,0,0,0,,Testimonial,Video,Influencer,Jayashree,UGC,Influencer,Confidence,Student Outcomes,English
USA_FB_Leads_Conv_Influencer_LAL_Enrolled_Signup_LP_Postboost_Placement_Targeting_Video_Jugnu_170326,120239827693970278,Jugnu,7956,2,0,2,0,,Testimonial,Video,Influencer,,UGC,Influencer,Grades & School,Student Outcomes,English
USA_FB_Leads_Conv_Influencer_LAL_Enrolled_Signup_LP_Postboost_Placement_Targeting_Video_Priyanshul_170326,120239827693980278,Priyanshul,77794,3,3,2,0,,Testimonial,Video,Influencer,Priyanshul,UGC,Influencer,Grades & School,Student Outcomes,English
USA_FB_Leads_Conv_Influencer_LAL_Enrolled_Signup_LP_Postboost_Placement_Targeting_Video_Sahar_170326,120239827693950278,Sahar,14866,1,0,1,0,,Testimonial,Video,Influencer,Sahar,UGC,Influencer (BAU),Grades & School,Student Outcomes,English
USA_FB_Leads_Conv_Influencer_LAL_Enrolled_Signup_LP_Postboost_Placement_Targeting_Video_Seema_170326,120239881551650278,Seema,25396,2,1,2,1,25397.0,Testimonial,Video,Influencer,Seema,UGC,Influencer,Personalization,Student Outcomes,English
USA_FB_Leads_Conv_Influencer_LAL_Enrolled_Signup_LP_Postboost_Placement_Targeting_Video_Suzy_170326,120239827693990278,Suzy,11202,0,0,0,0,,Testimonial,Video,Influencer,Suzy,Studio,Influencer,Confidence,Social Proof,English
USA_FB_Leads_Conv_Influencer_LAL_Enrolled_Signup_LP_Postboost_Video_Abhilasha_170326,120239881431010278,Abhilasha,9705,0,0,0,0,,Testimonial,Video,Influencer,Abhilasha,UGC,Influencer,Grades & School,Student Outcomes,English
USA_FB_Leads_Conv_Influencer_LAL_Enrolled_Signup_LP_Postboost_Video_Jayashree_170326,120239819715450278,Jayashree,13269,0,0,0,0,,Testimonial,Video,Influencer,Jayashree,UGC,Influencer (BAU),Confidence | Grades & School | Personalization,Student Outcomes | Social Proof,English
USA_FB_Leads_Conv_Influencer_LAL_Enrolled_Signup_LP_Postboost_Video_Jugnu_170326,120239818166160278,Jugnu,8044,0,0,0,0,,Testimonial,Video,Influencer,Jugnu,UGC,Influencer (BAU),Grades & School,Student Outcomes,English
USA_FB_Leads_Conv_Influencer_LAL_Enrolled_Signup_LP_Postboost_Video_Priyanshul_170326,120239819528750278,Priyanshul,331799,24,17,23,8,41475.0,Testimonial,Video,Influencer,Priyanshul,UGC,Influencer,Confidence,Student Outcomes,English
USA_FB_Leads_Conv_Influencer_LAL_Enrolled_Signup_LP_Postboost_Video_Priyanshul_200426,120241739928140278,Priyanshul,32053,1,1,1,0,,,,,,,,,,
USA_FB_Leads_Conv_Influencer_LAL_Enrolled_Signup_LP_Postboost_Video_Sahar_170326,120239819835600278,Sahar,39527,3,2,3,0,,Testimonial,Video,Influencer,Sahar,UGC,Influencer (BAU),Personalization,Social Proof,English
USA_FB_Leads_Conv_Influencer_LAL_Enrolled_Signup_LP_Postboost_Video_Seema_170326,120239880989580278,Seema,15112,2,0,2,0,,Testimonial,Video,Influencer,Seema,UGC,Influencer (BAU),Grades & School,Student Outcomes,English
USA_FB_Leads_Conv_Influencer_LAL_Enrolled_Signup_LP_Postboost_Video_Suzy_170326,120239819652880278,Suzy,8158,0,0,0,0,,Testimonial,Video,Influencer,Suzy,UGC,Influencer (BAU),Grades & School,Student Outcomes,English
USA_FB_Leads_Conv_Influencer_LAL_Razorpay_High_School_Part1_Signup_LP_Postboost_Video_Deepthi_Bandaru_240426,120241957577110278,Deepthi,21511,0,0,0,0,,,,,,,,,,
USA_FB_Leads_Conv_Influencer_LAL_Razorpay_High_School_Part1_Signup_LP_Postboost_Video_Nidhi_240426,120241959495260278,Nidhi,68667,5,5,5,0,,,,,,,,,,
USA_FB_Leads_Conv_Influencer_LAL_Razorpay_High_School_Part2_Signup_LP_Postboost_Video_Alev_240426,120241959604180278,Alev,260,0,0,0,0,,,,,,,,,,
USA_FB_Leads_Conv_Influencer_LAL_Razorpay_High_School_Part2_Signup_LP_Postboost_Video_Suzy_240426,120241959604190278,Suzy,13779,0,0,0,0,,,,,,,,,,
USA_FB_Leads_Conv_Influencer_LAL_Razorpay_Part1_Signup_LP_Postboost_Video_Ana_240426,120241959879480278,Ana,71,0,0,0,0,,,,,,,,,,
USA_FB_Leads_Conv_Influencer_LAL_Razorpay_Part1_Signup_LP_Postboost_Video_Anudeep_240426,120241959879600278,Anudeep,9800,1,1,1,0,,,,,,,,,,
USA_FB_Leads_Conv_Influencer_LAL_Razorpay_Part1_Signup_LP_Postboost_Video_Jayashree_240426,120241959879460278,Jayashree,6944,0,0,0,0,,,,,,,,,,
USA_FB_Leads_Conv_Influencer_LAL_Razorpay_Part2_Signup_LP_Postboost_Video_Priyanka_D_240426,120241959879640278,Priyanka D,5988,0,0,0,0,,,,,,,,,,
USA_FB_Leads_Conv_Influencer_LAL_Razorpay_Part3_Signup_LP_Postboost_Video_Seema_240426,120241962037900278,Seema,1113,0,0,0,0,,,,,,,,,,
USA_FB_Leads_Conv_Influencer_LAL_Razorpay_Part4_Signup_LP_Postboost_Video_ARIGELA_KEERTHI_PRIYA_290426,120242260009910278,Keerthi,2590,0,0,0,0,,,,,,,,,,
USA_FB_Leads_Conv_Influencer_Postboost_Advantage_Parents_35_55_LeadGen_Part1_NA_Video_Sahar_060426,120240962550140278,Sahar,1957,1,0,1,0,,Testimonial,Video,Influencer,Sahar,UGC,Influencer (BAU),Parent Peace of Mind,Parent Peace of Mind,English
USA_FB_Leads_Conv_Influencer_Postboost_Advantage_Parents_35_55_LeadGen_Part1_NA_Video_Seema_060426,120240962646150278,Seema,31947,16,0,0,0,,Testimonial,Video,Influencer,Seema,UGC,Influencer (BAU),Parent Peace of Mind,Parent Peace of Mind,English
USA_FB_Leads_Conv_Influencer_Postboost_Advantage_Parents_35_55_LeadGen_Part2_NA_Video_Abhilasha_060426,120240962784210278,Abhilasha,33397,8,1,0,0,,Testimonial,Video,Parent,Abhilasha,UGC,Influencer (BAU),Parent Peace of Mind,Student Outcomes,English
USA_FB_Leads_Conv_Influencer_Postboost_Advantage_Parents_35_55_LeadGen_Part2_NA_Video_Jayashree_060426,120240962751690278,Jayashree,20175,2,0,0,0,,Testimonial,Video,Influencer,Jayashree,UGC,Influencer (BAU),Parent Peace of Mind,Student Outcomes,English
USA_FB_Leads_Conv_Influencer_Postboost_Advantage_Parents_35_55_LeadGen_Part2_NA_Video_Jugnu_060426,120240962908380278,Jugnu,28773,7,0,0,0,,Testimonial,Video,Influencer,Jugnu,UGC,Influencer (BAU),Parent Peace of Mind,Parent Peace of Mind,English
USA_FB_Leads_Conv_Influencer_Postboost_Advantage_Parents_35_55_LeadGen_Part2_NA_Video_Suzy_060426,120240962850840278,Suzy,800,1,0,0,0,,Testimonial,Video,Influencer,Suzy,UGC,Influencer (BAU),Parent Peace of Mind,Social Proof,English
USA_FB_Leads_Conv_Int_Influencer_PayU_NRI_Audience_LP_Signup_Signup_Video_Deepthi_230226,120238795616260278,Deepthi,8929,0,0,0,0,,Testimonial,Video,Influencer,Deepthi,UGC,NRI,Confidence | Grades & School,Student Outcomes,English
USA_FB_Leads_Conv_Int_Influencer_PayU_NRI_Audience_LP_Signup_Signup_Video_Shweta_Negi_230226,120238795616340278,Shweta Negi,14662,0,0,0,0,,Testimonial,Video,Influencer,Shweta Negi,UGC,Influencer (BAU),Grades & School,Social Proof,English
USA_FB_Leads_Conv_Int_Influencer_PayU_NRI_Audience_LP_Signup_Video_Anudeep_230226,120238795616320278,Anudeep,11734,0,0,0,0,,Testimonial,Video,Influencer,Anudeep,UGC,Influencer (BAU),Personalization | Grades & School,Student Outcomes,English
USA_FB_Leads_Conv_Int_Influencer_PayU_NRI_Audience_LP_Signup_Video_Keerthi_230226,120238795616270278,Keerthi,7979,0,0,0,0,,Testimonial,Video,Child,Keerthi,UGC,NRI,Grades & School,Student Outcomes,English
USA_FB_Leads_Conv_Int_Influencer_PayU_New_Audience_LP_Signup_Signup_Video_Deepthi_230226,120238795885080278,Deepthi,7229,0,0,0,0,,Testimonial,Video,Influencer,Deepthi,UGC,Influencer,Confidence | Grades & School,Student Outcomes,English
USA_FB_Leads_Conv_Int_Influencer_PayU_New_Audience_LP_Signup_Signup_Video_Shweta_Negi_230226,120238795885180278,Shweta Negi,23676,0,0,0,0,,Testimonial,Video,Influencer,Shweta Negi,UGC,Influencer,Personalization,Personalized Learning,English
USA_FB_Leads_Conv_Int_Influencer_PayU_New_Audience_LP_Signup_Video_Anudeep_230226,120238795885130278,Anudeep,10382,0,0,0,0,,Testimonial,Video,Influencer,Anudeep,UGC,Influencer (BAU),Grades & School,Student Outcomes,English
USA_FB_Leads_Conv_Int_Influencer_PayU_New_Audience_LP_Signup_Video_Keerthi_230226,120238795885100278,Keerthi,9512,0,0,0,0,,Testimonial,Video,Parent,Keerthi,UGC,Influencer (BAU),Grades & School,Student Outcomes,English
USA_FB_Leads_Conv_Int_Influencer_PayU_New_Audience_LP_Signup_Video_Priyanshul-IG_250226,120238908410700278,Priyanshul,29814,1,1,0,0,,Testimonial,Video,Influencer,Priyanshul,UGC,Influencer,Grades & School,Social Proof,English
USA_FB_Leads_Conv_Int_Influencer_Postboost_35-55_Advantage_ShortForm-LP_NA_Video_Priyanshul-2_060126,120236939878170278,Priyanshul,3,0,0,0,0,,Testimonial,Video,Influencer,Priyanshul,UGC,Influencer,Confidence | Grades & School,Social Proof,English
USA_FB_Leads_Conv_Int_Influencer_Postboost_35-55_Advantage_ShortForm-LP_NA_Video_Priyanshul-2_060126,120236941193780278,Priyanshul,9765,0,0,0,0,,Testimonial,Video,Influencer,Priyanshul,UGC,Influencer,Confidence | Grades & School,Social Proof,English
USA_FB_Leads_Conv_Int_Influencer_Postboost_35-55_Advantage_ShortForm-LP_NA_Video_Priyanshul_060126,120236939878090278,Priyanshul,128,17,17,16,4,32.0,Testimonial,Video,Influencer,Priyanshul,UGC,Influencer (BAU),Confidence | Grades & School | Thinking vs Calculating,Student Outcomes | Social Proof,English
USA_FB_Leads_Conv_Int_Influencer_Postboost_35-55_Advantage_ShortForm-LP_NA_Video_Priyanshul_060126,120236941193920278,Priyanshul,432664,17,17,16,4,108166.0,Testimonial,Video,Influencer,Priyanshul,UGC,Influencer (BAU),Confidence | Grades & School | Thinking vs Calculating,Student Outcomes | Social Proof,English
USA_FB_Leads_Conv_Int_New_Influencer_Postboost_35-55_Advantage_ShortForm_LP_Signup_Video_Ana_150126,120237249880650278,Ana,12241,1,1,1,0,,Testimonial,Video,Influencer,Ana,UGC,Influencer (BAU),Grades & School,Student Outcomes,English
USA_FB_Leads_Conv_Int_New_Influencer_Postboost_35-55_Advantage_ShortForm_LP_Signup_Video_Anudeep_180226,120238536489540278,Anudeep,153756,11,10,10,3,51252.0,Testimonial,Video,Influencer,Anudeep,UGC,Influencer,Grades & School,Student Outcomes,English
USA_FB_Leads_Conv_Int_New_Influencer_Postboost_35-55_Advantage_ShortForm_LP_Signup_Video_Deepthi_180226,120238536489550278,Deepthi,82866,4,4,4,0,,Testimonial,Video,Influencer,Deepthi Bandaru,UGC,Influencer (BAU),Personalization,Personalized Learning,English
USA_FB_Leads_Conv_Int_New_Influencer_Postboost_35-55_Advantage_ShortForm_LP_Signup_Video_Heena_200126,120237395527260278,Heena,19102,1,1,1,1,19103.0,Testimonial,Video,Influencer,Heena,UGC,Influencer (BAU),Confidence | Grades & School | Foundation Building,Student Outcomes | Social Proof,English
USA_FB_Leads_Conv_Int_New_Influencer_Postboost_35-55_Advantage_ShortForm_LP_Signup_Video_Keerthi_050326,120239245736850278,Keerthi,25039,4,4,4,1,25039.0,Testimonial,Video,Influencer,Keerthi,UGC,Influencer,Confidence | Grades & School | Foundation Building,Student Outcomes | Social Proof,English
USA_FB_Leads_Conv_Int_New_Influencer_Postboost_35-55_Advantage_ShortForm_LP_Signup_Video_Keerthi_230126,120237504681690278,Keerthi,253214,26,26,24,10,25321.0,Talking Head,Video,Influencer,Keerthi,UGC,Influencer,Confidence | Grades & School | Thinking vs Calculating,Student Outcomes | Personalized Learning,English
USA_FB_Leads_Conv_Int_New_Influencer_Postboost_35-55_Advantage_ShortForm_LP_Signup_Video_Keerthi_310326,120240616788920278,Keerthi,21461,0,0,0,0,,Testimonial,Video,Influencer,Keerthi,UGC,Influencer,Personalization,Student Outcomes,English
USA_FB_Leads_Conv_Int_New_Influencer_Postboost_35-55_Advantage_ShortForm_LP_Signup_Video_Priyanshul-IG-video_280126,120237638751310278,Priyanshul,236527,21,21,19,9,26281.0,Testimonial,Video,Influencer,Priyanshul,UGC,Influencer,Grades & School,Student Outcomes,English
USA_FB_Leads_Conv_Int_New_Influencer_Postboost_35-55_Advantage_ShortForm_LP_Signup_Video_Priyanshul_YT_110326,120239518881710278,Priyanshul,26325,0,0,0,0,,Testimonial,Video,Influencer,Priyanshul,UGC,Influencer,Confidence | Grades & School | Foundation Building,Student Outcomes | Social Proof,English
USA_FB_Leads_Conv_Int_New_Influencer_Postboost_35-55_Advantage_ShortForm_LP_Signup_Video_Shweta_Negi_180226,120238536374710278,Shweta Negi,392208,27,26,26,9,43579.0,Testimonial,Video,Influencer,Shweta Negi,UGC,Influencer (BAU),Confidence | Grades & School | Foundation Building,Social Proof | Student Outcomes,English
USA_FB_Leads_Conv_Int_Parents_Influencer_Postboost_35-55_ShortForm-LP_NA_Video_Priyanshul-2_050126,120236921240630278,Priyanshul,4540,0,0,0,0,,,,,,,,,,
USA_FB_Leads_Conv_Int_Parents_Influencer_Postboost_35-55_ShortForm-LP_NA_Video_Priyanshul_050126,120236921240370278,Priyanshul,33374,0,0,0,0,,Testimonial,Video,Parent,Priyanshul,UGC,Influencer,Confidence | Grades & School,Student Outcomes,English
USA_FB_Leads_Conv_Int_Parents_Influencer_Postboost_35-55_ShortForm_Old-LP_Signup_Video_Ana_150126,120237250837070278,Ana,14158,0,0,0,0,,Testimonial,Video,Parent,Ana,UGC,Influencer,Parent Peace of Mind,Parent Peace of Mind,English
USA_FB_Leads_Conv_Int_Parents_Influencer_Postboost_35-55_ShortForm_Old-LP_Signup_Video_Anudeep_180226,120238536401760278,Anudeep,126485,6,6,5,3,42162.0,Testimonial,Video,Parent,Anudeep,UGC,Influencer,Parent Peace of Mind,Student Outcomes,English
USA_FB_Leads_Conv_Int_Parents_Influencer_Postboost_35-55_ShortForm_Old-LP_Signup_Video_Deepthi_180226,120238536443810278,Deepthi,94950,9,9,8,1,94950.0,Testimonial,Video,Parent,Deepthi,UGC,Influencer,Parent Peace of Mind,Social Proof,English
USA_FB_Leads_Conv_Int_Parents_Influencer_Postboost_35-55_ShortForm_Old-LP_Signup_Video_Heena_200126,120237395477350278,Heena,49238,6,6,6,0,,Testimonial,Video,Parent,Heena,UGC,Influencer,Parent Peace of Mind,Social Proof,English
USA_FB_Leads_Conv_Int_Parents_Influencer_Postboost_35-55_ShortForm_Old-LP_Signup_Video_Jia_300126,120237727870180278,Jia,104243,14,14,13,0,,Testimonial,Video,Parent,Jia,UGC,Influencer,Parent Peace of Mind,Parent Peace of Mind,English
USA_FB_Leads_Conv_Int_Parents_Influencer_Postboost_35-55_ShortForm_Old-LP_Signup_Video_Keerthi_230126,120237504591000278,Keerthi,147258,21,21,19,11,13387.0,Testimonial,Video,Parent,Keerthi,UGC,Influencer,Grades & School,Student Outcomes,English
USA_FB_Leads_Conv_Int_Parents_Influencer_Postboost_35-55_ShortForm_Old-LP_Signup_Video_Keerthi_230126,120238536027580278,Keerthi,114487,21,21,19,11,10408.0,Testimonial,Video,Parent,Keerthi,UGC,Influencer,Grades & School,Student Outcomes,English
USA_FB_Leads_Conv_Int_Parents_Influencer_Postboost_35-55_ShortForm_Old-LP_Signup_Video_Priyanshul-2_090126,120237060899950278,Priyanshul,25184,0,0,0,0,,Testimonial,Video,Parent,,UGC,Influencer,Parent Peace of Mind,Student Outcomes,English
USA_FB_Leads_Conv_Int_Parents_Influencer_Postboost_35-55_ShortForm_Old-LP_Signup_Video_Priyanshul-IG-video_280126,120237638631420278,Priyanshul,22306,0,0,0,0,,Testimonial,Video,Parent,,UGC,Influencer,Grades & School,Student Outcomes,English
USA_FB_Leads_Conv_Int_Parents_Influencer_Postboost_35-55_ShortForm_Old-LP_Signup_Video_Priyanshul-IG_180226,120238536027590278,Priyanshul,33467,0,0,0,0,,Testimonial,Video,Influencer,Priyanshul,UGC,Influencer (BAU),Grades & School,Student Outcomes,English
USA_FB_Leads_Conv_Int_Parents_Influencer_Postboost_35-55_ShortForm_Old-LP_Signup_Video_Priyanshul_090126,120237059932490278,Priyanshul,586,1,1,1,0,,Testimonial,Video,Parent,Priyanshul,UGC,Influencer,Grades & School,Student Outcomes,English
USA_FB_Leads_Conv_Int_Parents_Influencer_Postboost_35-55_ShortForm_Old-LP_Signup_Video_Priyanshul_090126,120237066913030278,Priyanshul,157016,1,1,1,0,,Testimonial,Video,Parent,Priyanshul,UGC,Influencer,Grades & School,Student Outcomes,English
USA_FB_Leads_Conv_Int_Parents_Influencer_Postboost_35-55_ShortForm_Old-LP_Signup_Video_Priyanshul_YT_110326,120239519269740278,Priyanshul,28421,1,1,1,1,28421.0,Testimonial,Video,Parent,Priyanshul,UGC,Influencer,Grades & School,Student Outcomes,English
USA_FB_Leads_Conv_Int_Parents_Influencer_Postboost_35-55_ShortForm_Old-LP_Signup_Video_Shweta_Negi_100226,120238235075980278,Shweta Negi,281217,29,28,27,14,20087.0,Testimonial,Video,Influencer,Shweta Negi,UGC,Influencer,Grades & School,Social Proof,English
USA_FB_Leads_Conv_Int_Parents_Influencer_Postboost_35-55_ShortForm_Old-LP_Signup_Video_Shweta_Negi_100226,120238536223450278,Shweta Negi,67961,29,28,27,14,4854.0,Testimonial,Video,Influencer,Shweta Negi,UGC,Influencer,Grades & School,Social Proof,English
USA_FB_Leads_Conv_Int_Parents_Influencer_Postboost_35-55_ShortForm_Old-LP_Signup_Video_Shweta_Negi_310326,120240616829900278,Shweta Negi,211467,17,16,15,5,42294.0,Testimonial,Video,Parent,Shweta Negi,UGC,Influencer,Confidence | Grades & School | Parent Peace of Mind,Student Outcomes | Parent Peace of Mind,English
USA_FB_Leads_Conv_LAL_Enrolled_Signup_Old-LP_35-55_Influencer_NA_Video_Heena_030226,120241669311770529,Heena,15708,0,0,0,0,,Testimonial,Video,Parent,Heena,UGC,Influencer,Parent Peace of Mind,Student Outcomes,English
USA_FB_Leads_Conv_LAL_Enrolled_Signup_Old-LP_35-55_Influencer_NA_Video_Keerthi_030226,120241669285770529,Keerthi,163831,8,6,7,2,81916.0,Testimonial,Video,Influencer,Keerthi,UGC,Influencer,Confidence | Grades & School | Parent Peace of Mind,Social Proof,English
USA_FB_Leads_Conv_LAL_Enrolled_Signup_Old-LP_35-55_Influencer_NA_Video_Priyanshul_IG_video_290126,120241669106280529,Priyanshul,133921,6,6,6,2,66961.0,Testimonial,Video,Influencer,Priyanshul,UGC,Influencer,Grades & School,Student Outcomes,English
USA_FB_Leads_Conv_PayU_LAL_New_Audience_Signup_New_BAU_NRI_LP_Influencer_Perf_Edit_2_NA_Video_Influencers_Nidhi_150426,120241792176400278,Nidhi,1314,0,0,0,0,,,,,,,,,,
USA_FB_Leads_Conv_PayU_LAL_New_Audience_Signup_New_BAU_NRI_LP_Influencer_Perf_Edit_2_NA_Video_Influencers_Priyanshul_150426,120241792176440278,Priyanshul,21842,0,0,0,0,,,,,,,,,,
USA_FB_Leads_Conv_PayU_LAL_New_Audience_Signup_New_BAU_NRI_LP_Influencer_Perf_Edit_2_NA_Video_Influencers_Sayani_150426,120241792176410278,Sayani Roy,904,0,0,0,0,,,,,,,,,,
USA_FB_Leads_Conv_PayU_LAL_New_Audience_Signup_New_BAU_NRI_LP_Influencer_Perf_Edit_2_NA_Video_Perf_Influencer_Jia_US_250326,120241793503380278,Jia,15686,0,0,0,0,,,,,,,,,,
USA_FB_Leads_Conv_PayU_LAL_New_Audience_Signup_New_BAU_NRI_LP_Influencer_Perf_Edit_2_NA_Video_Perf_Telegu_Influencer_Anudeep_US_250326,120241793503390278,Anudeep,12782,0,0,0,0,,,,,,,,,,
USA_FB_Leads_Conv_PayU_LAL_New_Audience_Signup_New_BAU_NRI_LP_Influencer_Perf_Edit_3_NA_Video_Influencers_Abhilasha_160426,120241792176420278,Abhilasha,3122,0,0,0,0,,,,,,,,,,
USA_FB_Leads_Conv_PayU_LAL_New_Audience_Signup_New_BAU_NRI_LP_Influencer_Perf_Edit_3_NA_Video_Influencers_Ana_160426,120241792176520278,Ana,193,0,0,0,0,,,,,,,,,,
USA_FB_Leads_Conv_PayU_LAL_New_Audience_Signup_New_BAU_NRI_LP_Influencer_Perf_Edit_3_NA_Video_Influencers_Jayashree_160426,120241792176620278,Jayashree,90511,4,3,2,0,,,,,,,,,,
USA_FB_Leads_Conv_PayU_LAL_New_Audience_Signup_New_BAU_NRI_LP_Influencer_Perf_Edit_3_NA_Video_Influencers_Nidhi_160426,120241792176340278,Nidhi,11974,1,0,1,0,,,,,,,,,,
USA_FB_Leads_Conv_PayU_LAL_New_Audience_Signup_New_BAU_NRI_LP_Influencer_Perf_Edit_3_NA_Video_Influencers_Shubhi_160426,120241792176390278,Subhi,869,0,0,0,0,,,,,,,,,,
USA_FB_Leads_Conv_PayU_LAL_New_Audience_Signup_New_BAU_NRI_LP_Influencer_Perf_Edit_NA_Video_Influencer_Perf_Edit_Shweta_Negi_250326,120241792176070278,Shweta Negi,3943,0,0,0,0,,,,,,,,,,
USA_FB_Leads_Conv_PayU_LAL_New_Audience_Signup_New_BAU_NRI_LP_Influencer_Perf_Edit_NA_Video_Influencer_Perf_Twitter_Edit_Heena_250326,120241792176140278,Heena,131,0,0,0,0,,,,,,,,,,
USA_FB_Leads_Conv_PayU_LAL_New_Audience_Signup_New_BAU_NRI_LP_Influencer_Perf_Edit_NA_Video_Perf_Influencer_Deepthi_US_250326,120241792176570278,Deepthi,54154,2,1,2,0,,,,,,,,,,
USA_FB_Leads_Conv_PayU_LAL_New_Audience_Signup_New_BAU_NRI_LP_Influencer_Perf_Edit_NA_Video_Perf_Telegu_Influencer_Keerthi_US_250326,120241792176120278,Keerthi,53884,3,3,3,2,26942.0,,,,,,,,,
USA_FB_Leads_Conv_PayU_LAL_New_Audience_Signup_New_BAU_NRI_LP_Influencer_Postboost_VideoJayashree_250426,120242047201120278,Jayashree,679,0,0,0,0,,,,,,,,,,
USA_FB_Leads_Conv_PayU_LAL_New_Audience_Signup_New_BAU_NRI_LP_Influencer_Postboost_Video_Ana_250426,120242047201100278,Ana,93,0,0,0,0,,,,,,,,,,
USA_FB_Leads_Conv_PayU_LAL_New_Audience_Signup_New_BAU_NRI_LP_Influencer_Postboost_Video_Anudeep_250426,120242047201110278,Anudeep,7747,1,1,1,0,,,,,,,,,,
USA_FB_Leads_Conv_PayU_LAL_New_Audience_Signup_New_BAU_NRI_LP_Influencer_Postboost_Video_Priyanka_D_250426,120242047201130278,Priyanka D,7388,0,0,0,0,,,,,,,,,,
USA_FB_Leads_Conv_PayU_LAL_New_Audience_Signup_New_BAU_NRI_LP_Influencer_Postboost_Video_Seema_250426,120242047201090278,Seema,2147,0,0,0,0,,,,,,,,,,
USA_FB_Leads_Conv_PayU_NRI_Audience_Signup_LP_Influencer_Perf_Edit_2_NA_Video_Influencers_Nidhi_150426,120241461920660278,Nidhi,18786,0,0,0,0,,,,,,,,,,
USA_FB_Leads_Conv_PayU_NRI_Audience_Signup_LP_Influencer_Perf_Edit_2_NA_Video_Influencers_Priyanshul_150426,120241459254940278,Priyanshul,16224,0,0,0,0,,Testimonial,Video,Influencer,Priyanshul,UGC,NRI (BAU),Grades & School,Social Proof,English
USA_FB_Leads_Conv_PayU_NRI_Audience_Signup_LP_Influencer_Perf_Edit_2_NA_Video_Influencers_Sayani_150426,120241462794870278,Sayani Roy,1209,0,0,0,0,,,,,,,,,,
USA_FB_Leads_Conv_PayU_NRI_Audience_Signup_LP_Influencer_Perf_Edit_3_NA_Video_Influencers_Abhilasha_160426,120241510297310278,Abhilasha,22769,1,1,1,0,,Testimonial,Video,Parent,Abhilasha,UGC,NRI (BAU),Confidence | Grades & School | Parent Peace of Mind,Social Proof | Student Outcomes,English
USA_FB_Leads_Conv_PayU_NRI_Audience_Signup_LP_Influencer_Perf_Edit_3_NA_Video_Influencers_Ana_160426,120241463698000278,Ana,5837,0,0,0,0,,,,,,,,,,
USA_FB_Leads_Conv_PayU_NRI_Audience_Signup_LP_Influencer_Perf_Edit_3_NA_Video_Influencers_Jayashree_160426,120241513319700278,Jayashree,9102,0,0,0,0,,Testimonial,Video,Influencer,Jayashree,UGC,Influencer (PLA),Parent Peace of Mind,Social Proof,English
USA_FB_Leads_Conv_PayU_NRI_Audience_Signup_LP_Influencer_Perf_Edit_3_NA_Video_Influencers_Nidhi_160426,120241512895510278,Nidhi,9282,0,0,0,0,,,,,,,,,,
USA_FB_Leads_Conv_PayU_NRI_Audience_Signup_LP_Influencer_Perf_Edit_3_NA_Video_Influencers_Shubhi_160426,120241511281060278,Subhi,731,0,0,0,0,,,,,,,,,,
USA_FB_Leads_Conv_PayU_NRI_Audience_Signup_LP_Influencer_Perf_Edit_NA_Video_Influencer_Perf_Edit_Shweta_Negi_250326,120240202794460278,Shweta Negi,35339,2,2,2,1,35339.0,Testimonial,Video,Influencer,Shweta Negi,UGC,NRI,Personalization,Social Proof,English
USA_FB_Leads_Conv_PayU_NRI_Audience_Signup_LP_Influencer_Perf_Edit_NA_Video_Influencer_Perf_Twitter_Edit_Heena_090426,120241128482180278,Heena,512,0,0,0,0,,,,,,,,,,
USA_FB_Leads_Conv_PayU_NRI_Audience_Signup_LP_Influencer_Perf_Edit_NA_Video_Influencer_Perf_Twitter_Edit_Heena_110426,120241237012300278,Heena,859,0,0,0,0,,,,,,,,,,
USA_FB_Leads_Conv_PayU_NRI_Audience_Signup_LP_Influencer_Perf_Edit_NA_Video_Influencer_Perf_Twitter_Edit_Heena_250326,120240202794470278,Heena,12238,2,2,2,1,12238.0,Testimonial,Video,Influencer,Heena,UGC,NRI,Grades & School,Student Outcomes,English
USA_FB_Leads_Conv_PayU_NRI_Audience_Signup_LP_Influencer_Perf_Edit_NA_Video_Perf_Influencer_Deepthi_US_090426,120241128482190278,Deepthi,10616,0,0,0,0,,Testimonial,Video,Influencer,Deepthi Bandaru,UGC,NRI (BAU),Personalization,Social Proof,English
USA_FB_Leads_Conv_PayU_NRI_Audience_Signup_LP_Influencer_Perf_Edit_NA_Video_Perf_Influencer_Deepthi_US_110426,120241237012290278,Deepthi,8519,0,0,0,0,,Testimonial,Video,Influencer,Deepthi Bandaru,UGC,NRI (BAU),Grades & School,Student Outcomes,English
USA_FB_Leads_Conv_PayU_NRI_Audience_Signup_LP_Influencer_Perf_Edit_NA_Video_Perf_Influencer_Deepthi_US_250326,120240200923250278,Deepthi,113521,10,9,10,6,18920.0,Testimonial,Video,Influencer,Deepthi,UGC,NRI,Personalization,Social Proof,English
USA_FB_Leads_Conv_PayU_NRI_Audience_Signup_LP_Influencer_Perf_Edit_NA_Video_Perf_Influencer_Jia_US_090426,120241128482160278,Jia,411,0,0,0,0,,,,,,,,,,
USA_FB_Leads_Conv_PayU_NRI_Audience_Signup_LP_Influencer_Perf_Edit_NA_Video_Perf_Influencer_Jia_US_110426,120241237012320278,Jia,636,0,0,0,0,,,,,,,,,,
USA_FB_Leads_Conv_PayU_NRI_Audience_Signup_LP_Influencer_Perf_Edit_NA_Video_Perf_Influencer_Jia_US_250326,120240200656640278,Jia,7232,0,0,0,0,,Testimonial,Video,Influencer,Jia,UGC,NRI,Grades & School,Student Outcomes,English
USA_FB_Leads_Conv_PayU_NRI_Audience_Signup_LP_Influencer_Perf_Edit_NA_Video_Perf_Telegu_Influencer_Anudeep_US_250326,120240200140490278,Anudeep,13398,0,0,0,0,,Testimonial,Video,Influencer,Anudeep,UGC,NRI (BAU),Grades & School,Student Outcomes,Telugu
USA_FB_Leads_Conv_PayU_NRI_Audience_Signup_LP_Influencer_Perf_Edit_NA_Video_Perf_Telegu_Influencer_Keerthi_US_250326,120240200056090278,Keerthi,28065,1,1,1,1,28065.0,Testimonial,Video,Influencer,Keerthi,UGC,NRI,Grades & School,Student Outcomes,Telugu
USA_FB_Leads_Conv_PayU_NRI_Audience_Signup_LP_PLA_Influencer_Perf_Edit_2_NA_Video_Influencers_Nidhi_150426,120241466414320278,Nidhi,16173,0,0,0,0,,,,,,,,,,
USA_FB_Leads_Conv_PayU_NRI_Audience_Signup_LP_PLA_Influencer_Perf_Edit_2_NA_Video_Influencers_Priyanshul_150426,120241466414350278,Priyanshul,26165,0,0,0,0,,Testimonial,Video,Influencer,Priyanshul,UGC,NRI (PLA),Personalization | Thinking vs Calculating,Personalized Learning,English
USA_FB_Leads_Conv_PayU_NRI_Audience_Signup_LP_PLA_Influencer_Perf_Edit_2_NA_Video_Influencers_Sayani_150426,120241466414370278,Sayani Roy,2006,0,0,0,0,,,,,,,,,,
USA_FB_Leads_Conv_PayU_NRI_Audience_Signup_LP_PLA_Influencer_Perf_Edit_3_NA_Video_Influencers_Abhilasha_160426,120241515727730278,Abhilasha,12380,0,0,0,0,,,,,,,,,,
USA_FB_Leads_Conv_PayU_NRI_Audience_Signup_LP_PLA_Influencer_Perf_Edit_3_NA_Video_Influencers_Ana_160426,120241515727800278,Ana,4110,0,0,0,0,,,,,,,,,,
USA_FB_Leads_Conv_PayU_NRI_Audience_Signup_LP_PLA_Influencer_Perf_Edit_3_NA_Video_Influencers_Jayashree_160426,120241515727690278,Jayashree,162013,8,8,7,0,,Testimonial,Video,Influencer,Jayashree,UGC,NRI (PLA),Personalization,Student Outcomes,English
USA_FB_Leads_Conv_PayU_NRI_Audience_Signup_LP_PLA_Influencer_Perf_Edit_3_NA_Video_Influencers_Nidhi_160426,120241515727680278,Nidhi,2047,0,0,0,0,,,,,,,,,,
USA_FB_Leads_Conv_PayU_NRI_Audience_Signup_LP_PLA_Influencer_Perf_Edit_3_NA_Video_Influencers_Shubhi_160426,120241515727710278,Subhi,1373,0,0,0,0,,,,,,,,,,
USA_FB_Leads_Conv_PayU_NRI_Audience_Signup_LP_PLA_Influencer_Perf_Edit_NA_Video_Influencer_Perf_Edit_Shweta_Negi_150426,120241466414250278,Shweta Negi,19997,2,1,1,0,,Testimonial,Video,Influencer,Shweta Negi,UGC,NRI (PLA),Personalization | Tutor Quality | Parent Peace of Mind,Social Proof | Expert Tutors,English
USA_FB_Leads_Conv_PayU_NRI_Audience_Signup_LP_PLA_Influencer_Perf_Edit_NA_Video_Influencer_Perf_Twitter_Edit_Heena_150426,120241466414270278,Heena,689,0,0,0,0,,,,,,,,,,
USA_FB_Leads_Conv_PayU_NRI_Audience_Signup_LP_PLA_Influencer_Perf_Edit_NA_Video_Perf_Influencer_Deepthi_US_150426,120241466413990278,Deepthi,12206,0,0,0,0,,,,,,,,,,
USA_FB_Leads_Conv_PayU_NRI_Audience_Signup_LP_PLA_Influencer_Perf_Edit_NA_Video_Perf_Telegu_Influencer_Keerthi_US_150426,120241466414300278,Keerthi,109048,5,5,5,1,109048.0,Testimonial,Video,Parent,Keerthi,UGC,NRI (PLA),Personalization,Personalized Learning,Telugu
USA_FB_Leads_Conv_PayU_NRI_Audience_Signup_Old-LP_35-55_Influencer_Videos_NA_Video_Keerthi_250326,120243783784230529,Keerthi,28561,1,0,1,0,,Testimonial,Video,Influencer,Keerthi,UGC,NRI,Grades & School,Student Outcomes,English
USA_FB_Leads_Conv_PayU_NRI_Audience_Signup_Old-LP_35-55_Influencer_Videos_NA_Video_Priyanshul_250326,120243786083260529,Priyanshul,62036,3,2,2,1,62036.0,Testimonial,Video,Influencer,Priyanshul,UGC,NRI,Grades & School,Student Outcomes,English
USA_FB_Leads_Conv_PayU_NRI_Audience_Signup_Old-LP_35-55_Influencer_Videos_NA_Video_Video_Shalini_Inhouse_Edit_250326,120243784123060529,Shalini,14252,0,0,0,0,,Testimonial,Video,Influencer,Shalini,UGC,NRI (BAU),Personalization,Student Outcomes,English
USA_FB_Leads_Conv_PayU_NRI_Audience_Signup_Old-LP_35-55_Influencer_Videos_NA_Video_Video_Shweta_Negi_250326,120243784019420529,Shweta Negi,24445,2,1,1,1,24445.0,Testimonial,Video,Influencer,Shweta Negi,UGC,NRI,Grades & School,Student Outcomes,English
USA_FB_Leads_Conv_Telugu_Advantage_Audience_Signup_LP_NA_Video_Telugu_Testimonial_Deepthi_260326,120240264972530278,Deepthi,4657,0,0,0,0,,,,,,,,,,
USA_FB_Leads_Conv_Telugu_Expats_35-55_LeadGen_NA_Video_Perf_Telegu_Influencer_Anudeep_US_200426,120241807078550278,Anudeep,8812,1,1,0,0,,,,,,,,,,
USA_FB_Leads_Conv_Telugu_Expats_35-55_LeadGen_NA_Video_Perf_Telegu_Influencer_Keerthi_US_200426,120241807078580278,Keerthi,106681,9,9,4,0,,,,,,,,,,
USA_FB_Leads_Conv_Telugu_Expats_NRI_Audience_Signup_LP_NA_Video_Telugu_Testimonial_Deepthi_260326,120240223961330278,Deepthi,2518,0,0,0,0,,,,,,,,,,
USA_FB_Leads_Conv_Telugu_Language_Hard_Targeting_35-55_LeadGen_NA_Video_Perf_Telegu_Influencer_Anudeep_US_200426,120241740256030278,Anudeep,16973,2,0,0,0,,,,,,,,,,
USA_FB_Leads_Conv_Telugu_Language_Hard_Targeting_35-55_LeadGen_NA_Video_Perf_Telegu_Influencer_Keerthi_US_200426,120241740256020278,Keerthi,36625,2,2,0,0,,,,,,,,,,
USA_PFX_FB_Leads-Conv_NA_Int-Expats-Gujarati_LeadGen_NA_Video_Gujarati-Testimonial-Nidhi-Shah-021225,120235411901340278,Nidhi,12157,0,0,0,0,,Testimonial,Video,Influencer,Nidhi,UGC,Vernacular (BAU),Confidence | Grades & School | Parent Peace of Mind,Student Outcomes | Social Proof,Gujarati
USA_PFX_FB_Leads-Conv_NA_Int-Expats-Gujarati_LeadGen_NA_Video_Gujarati-Testimonial-Nidhi-Shah-021225,120235412101540278,Nidhi,2901,0,0,0,0,,Testimonial,Video,Influencer,Nidhi,UGC,Vernacular (BAU),Confidence | Grades & School | Parent Peace of Mind,Student Outcomes | Social Proof,Gujarati
USA_PFX_FB_Leads-Conv_NA_Int-Expats-Telugu_LeadGen_NA_Video_Testimonial-Deepthi-31s-Telugu_111125,120234326377200278,Deepthi,54675,18,18,7,3,18225.0,Testimonial,Video,Influencer,Deepthi Bandaru,UGC,NRI (BAU),Grades & School,Student Outcomes,Telugu
USA_PFX_FB_Leads-Conv_NA_Int-Expats-Telugu_LeadGen_NA_Video_Testimonial-Deepthi-31s-Telugu_111125,120236528704460278,Deepthi,31781,18,18,7,3,10594.0,Testimonial,Video,Influencer,Deepthi Bandaru,UGC,NRI (BAU),Grades & School,Student Outcomes,Telugu
USA_PFX_FB_Leads-Conv_NA_Int-Expats-Telugu_LeadGen_NA_Video_Testimonial-Deepthi-31s-Telugu_111125,120237224218880278,Deepthi,126409,18,18,7,3,42137.0,Testimonial,Video,Influencer,Deepthi Bandaru,UGC,NRI (BAU),Grades & School,Student Outcomes,Telugu
USA_PFX_FB_Leads-Conv_NA_Int_Influencer-Postboost_ShortForm-LP_NA_Video_Priyanshul_250925,120231947900240278,Priyanshul,74342,0,0,0,0,,Testimonial,Video,Influencer,Priyanshul,UGC,Influencer,Confidence,Student Outcomes,English
USA_PFX_FB_Leads-Conv_NA_Int_Influencer-Postboost_ShortForm-LP_NA_Video_Priyanshul_250925,120235899236820278,Priyanshul,11866,0,0,0,0,,Testimonial,Video,Influencer,Priyanshul,UGC,Influencer,Confidence,Student Outcomes,English
USA_PFX_FB_Leads-Conv_NA_Int_Influencer-_ShortForm-LP_NA_Video_Priyanshul-2_031125,120233910218410278,Priyanshul,126463,0,0,0,0,,Talking Head,Video,Influencer,Priyanshul,UGC,Influencer (BAU),Grades & School,Student Outcomes,English
USA_PFX_FB_Leads-Conv_NA_Int_Influencer-_ShortForm-LP_NA_Video_Priyanshul-2_031125,120235899236840278,Priyanshul,8655,0,0,0,0,,Talking Head,Video,Influencer,Priyanshul,UGC,Influencer (BAU),Grades & School,Student Outcomes,English
USA_PFX_FB_Leads-Conv_NRI-States_Int-Languages-Telugu_LeadGen_NA_Video_Testimonial-Deepthi-31s-Telugu_111125,120234325805200278,Deepthi,7435,0,0,0,0,,Testimonial,Video,Influencer,Deepthi Bandaru,UGC,NRI (BAU),Confidence | Grades & School | Foundation Building,Student Outcomes | Social Proof,Telugu
USA_PFX_FB_Leads_Conv_Advantage+Audience_Telugu_LeadGen_NA_Video_Testimonial-Deepthi-31s-Telugu_111125,120236120806960278,Deepthi,24735,0,0,0,0,,Testimonial,Video,Influencer,Deepthi Bandaru,UGC,Vernacular (BAU),Grades & School,Student Outcomes,Telugu
USA_PFX_FB_Leads_Conv_Int_Influencer_Advantage_ShortForm-LP_NA_Video_Priyanshul-2_041125,120233969538530278,Priyanshul,18555,0,0,0,0,,Testimonial,Video,Influencer,Priyanshul,UGC,Influencer,Tutor Quality | Personalization,Social Proof,English
USA_PFX_FB_Leads_Conv_Int_Influencer_Advantage_ShortForm-LP_NA_Video_Priyanshul_041125,120233969538550278,Priyanshul,231251,0,0,0,0,,Testimonial,Video,Influencer,Priyanshul,UGC,Influencer,Confidence | Grades & School | Thinking vs Calculating,Student Outcomes | Social Proof,English
USA_PFX_FB_Leads_Conv_LAL_0-2%_Engaged_NA_Video_Priyanshul-2_060326,120239288079670278,Priyanshul,3473,3,0,0,0,,Testimonial,Video,Influencer,Priyanshul,UGC,Influencer (BAU),Grades & School,Student Outcomes,English
USA_PFX_FB_Leads_Conv_LAL_0-2%_Engaged_NA_Video_Priyanshul_060326,120239288079680278,Priyanshul,37008,6,1,1,0,,Testimonial,Video,Influencer,Priyanshul,UGC,Influencer (BAU),Confidence | Grades & School,Student Outcomes,English
USA_PFX_FB_Leads_Conv_LAL_0-2%_Engaged_NA_Video_Priyanshul_170326,120240203836530278,Priyanshul,67261,6,2,0,0,,,,,,,,,,
USA_PFX_FB_Leads_Conv_LAL_0-2%_Engaged_NA_Video_Priyanshul_IG_060326,120239288079660278,Priyanshul,848,0,0,0,0,,,,,,,,,,
USA_PFX_FB_Leads_Conv_LAL_0-2%_Engaged_Priyanshul-2_031125,120233910371660278,Priyanshul,73050,5,5,2,2,36525.0,Product Demo,Static,Influencer,Priyanshul,Static Graphic,Influencer (BAU),Personalization,Personalized Learning,English
USA_PFX_FB_Leads_Conv_LAL_0-2%_Engaged_Priyanshul_131025,120232830887410278,Priyanshul,387349,69,52,9,5,77470.0,Testimonial,Video,Influencer,Priyanshul,UGC,Influencer (BAU),Grades & School,Student Outcomes,English
USA_PFX_FB_Leads_Conv_LAL_0-2%_Engaged_Priyanshul_IG_video_290126,120237702751650278,Priyanshul,556831,69,69,25,14,39774.0,Testimonial,Video,Influencer,Priyanshul,UGC,Influencer (BAU),Grades & School,Student Outcomes,English
USA_PFX_FB_Leads_Conv_LAL_0-2%_Engaged_Video_Priyanshul_IG_180226,120238534727560278,Priyanshul,219023,13,13,3,0,,Testimonial,Video,Influencer,Priyanshul,UGC,Influencer (BAU),Grades & School,Student Outcomes,English
