ad_name,talent,spend,TD,hook_frame,master_frame,close_type,specificity,pain_target,production_cue,language,evidence_hook,evidence_close,evidence_pain,confidence,notes
ANZ-NZ_FB_Leads_Conv_Parents-Pri+Sec_New-Zealand_Form_Video_Testimonial-Shalini_170226,Shalini,36159,0,Academic-Outcome,Memorization-vs-Understanding,Try-Cuemath,Anonymous,"Confidence,Concept-Clarity",UGC-polished,English,"Mama, I got 100 on my math test.",Cuemath is definitely worth trying.,They focus on understanding concepts instead of memorizing formulas.,High,
ANZ-NZ_FB_Leads_Conv_PayU_New-Zealand_Video_Testimonial2-Shalini_250226,Shalini,14959,0,Academic-Outcome,Memorization-vs-Understanding,Try-Cuemath,Anonymous,"Confidence,Concept-Clarity",UGC-polished,English,"Mama, I got 100 on my math test.",Cuemath is definitely worth trying.,They focus on understanding concepts instead of memorizing formulas.,High,
ANZ-SG_FB_Leads_Conv_LAL-PayU_Singapore_Video_Testimonial2-Shalini_260226,Shalini,13117,0,Academic-Outcome,Memorization-vs-Understanding,Try-Cuemath,Anonymous,"Confidence,Concept-Clarity",UGC-polished,English,"Mama, I got 100 on my math test.",Cuemath is definitely worth trying.,They focus on understanding concepts instead of memorizing formulas.,High,
ANZ-UK_FB_Leads_Conv_PayU_UK_Video_Testimonial2-Shalini_190226,Shalini,270371,6,Academic-Outcome,Memorization-vs-Understanding,Try-Cuemath,Anonymous,"Confidence,Concept-Clarity",UGC-polished,English,"Mama, I got 100 on my math test.",Cuemath is definitely worth trying.,They focus on understanding concepts instead of memorizing formulas.,High,
ANZ-UK_FB_Leads_Conv_int4C_UK_Video_Influencer-Sahar_210426,Sahar,102704,3,Child-diagnosis,MathFit,Free-Class,Anonymous,Concept-Clarity,UGC-polished,English,"He could sometimes get the right answer in math. But when I asked him how he solved it, he couldn't really explain it.",You can also try their free trial class.,"They call it becoming MathFit, developing real problem solving and reasoning skills.",High,Script says QMath but means Cuemath.
ANZ_FB_Leads_Conv_Bollywood_Australia_Video_Edited-Deepthi_250326,Deepthi,16066,0,Behavioral-Outcome,1-1-Personalization,Free-Class,Anonymous,"Confidence,Personalization-Gap",UGC-polished,English,"Look, I solved this math puzzle all by myself and got the right answer.","If you want your child to have that one-on-one attention, book a free trial.",There is no pressure to keep up with the whole class.,High,
ANZ_FB_Leads_Conv_Bollywood_Australia_Video_Edited-Jia_250326,Jia,28828,0,Behavioral-Outcome,1-1-Personalization,Recommendation,Anonymous,"Engagement,Foundation",UGC-polished,English,I'm glad that my daughter is finally engaged with something productive.,I can't recommend this enough.,"They're building strong math foundation, playing fun math games.",High,
ANZ_FB_Leads_Conv_Bollywood_Australia_Video_Influencer-Sahar_210426,Sahar,51844,1,Child-diagnosis,MathFit,Free-Class,Anonymous,Concept-Clarity,UGC-polished,English,"He could sometimes get the right answer in math. But when I asked him how he solved it, he couldn't really explain it.",You can also try their free trial class.,"They call it becoming MathFit, developing real problem solving and reasoning skills.",High,Script says QMath but means Cuemath.
ANZ_FB_Leads_Conv_Influencers_Australia_Video_Influencer-Priya-Anand_270426,Priya Anand,2982,0,Enrichment,MathFit,Free-Class,Anonymous,"Foundation,Engagement",UGC-polished,English,She's four. And she counts everything... I don't want to waste it.,Book a free Cuemath trial class and see how a dedicated tutor keeps that curiosity growing.,Cuemath has made my child MathFit.,High,
ANZ_FB_Leads_Conv_Influencers_Australia_Video_Influencer-Sahar_090426,Sahar,194163,6,Child-diagnosis,MathFit,Free-Class,Anonymous,Concept-Clarity,UGC-polished,English,"He could sometimes get the right answer in math. But when I asked him how he solved it, he couldn't really explain it.",You can also try their free trial class.,"They call it becoming MathFit, developing real problem solving and reasoning skills.",High,Script says QMath but means Cuemath.
ANZ_FB_Leads_Conv_Influencers_Australia_Video_Influencer-Seema_270426,Seema,6715,0,Child-diagnosis,1-1-Personalization,Free-Class,Anonymous,"Confidence,Personalization-Gap",UGC-polished,English,Group classes with 20 to 30 kids did not give her the confidence to speak up.,Cuemath is offering one free one-on-one trial class.,"They make her think, explain her reasoning, and really understand the why.",High,
ANZ_FB_Leads_Conv_Influencers_Australia_Video_Influencer-Shalini_270426,Shalini,30705,0,Academic-Outcome,Memorization-vs-Understanding,Try-Cuemath,Anonymous,"Confidence,Concept-Clarity",UGC-polished,English,"Mama, I got 100 on my math test.",Cuemath is definitely worth trying.,They focus on understanding concepts instead of memorizing formulas.,High,
ANZ_FB_Leads_Conv_Influencers_Australia_Video_Jayashree_200326,Jayashree,28048,1,Behavioral-Outcome,1-1-Personalization,Try-Cuemath,Anonymous,Engagement,UGC-polished,English,She actually gets excited to sit at her desk for her Cuemath class.,"If you want your child to enjoy math like this, you should try it.",Her tutor really understands her learning style and keeps math fun.,High,
ANZ_FB_Leads_Conv_Influencers_Australia_Video_Jugnu_200326,Jugnu,203515,8,Child-diagnosis,Memorization-vs-Understanding,Free-Class,Anonymous,"Concept-Clarity,Personalization-Gap",UGC-polished,English,We used to spend so much time on math homework that my daughter was often missing playtime.,"If you're curious, they offer a free trial class.",Their approach is not about memorizing formulas - it's really understanding the why behind math.,High,
ANZ_FB_Leads_Conv_Locations_Australia_Video_Testimonial-Shalini_170226,Shalini,20230,0,Academic-Outcome,Memorization-vs-Understanding,Try-Cuemath,Anonymous,"Confidence,Concept-Clarity",UGC-polished,English,"Mama, I got 100 on my math test.",Cuemath is definitely worth trying.,They focus on understanding concepts instead of memorizing formulas.,High,
ANZ_FB_Leads_Conv_Parents-Pri+Sec-Inf_Australia_Video_Influencer-Heena_160226,Heena,26201,0,Behavioral-Outcome,1-1-Personalization,Free-Class,Named-child,"Engagement,Concept-Clarity",UGC-polished,English,The math hack every mom needs to know - it changed how my daughter sees math.,Book a trial class.,We started with Cuemath for Aashna. They offer a personalized learning plan.,High,
ANZ_FB_Leads_Conv_Razorpay_Australia_Video_Influencer-Sahar_210426,Sahar,54584,1,Child-diagnosis,MathFit,Free-Class,Anonymous,Concept-Clarity,UGC-polished,English,"He could sometimes get the right answer in math. But when I asked him how he solved it, he couldn't really explain it.",You can also try their free trial class.,"They call it becoming MathFit, developing real problem solving and reasoning skills.",High,Script says QMath but means Cuemath.
ANZ_FB_Leads_Conv_int-Parents_Australia_Video_Influencer-Sahar_090426,Sahar,63286,3,Child-diagnosis,MathFit,Free-Class,Anonymous,Concept-Clarity,UGC-polished,English,"He could sometimes get the right answer in math. But when I asked him how he solved it, he couldn't really explain it.",You can also try their free trial class.,"They call it becoming MathFit, developing real problem solving and reasoning skills.",High,Script says QMath but means Cuemath.
ANZ_FB_Leads_Conv_int4C_Australia_Video_Influencer-Sahar_210426,Sahar,14409,0,Child-diagnosis,MathFit,Free-Class,Anonymous,Concept-Clarity,UGC-polished,English,"He could sometimes get the right answer in math. But when I asked him how he solved it, he couldn't really explain it.",You can also try their free trial class.,"They call it becoming MathFit, developing real problem solving and reasoning skills.",High,Script says QMath but means Cuemath.
ANZ_FB_Leads_Conv_int4C_Australia_Video_Jugnu_210426,Jugnu,24481,0,Child-diagnosis,Memorization-vs-Understanding,Free-Class,Anonymous,"Concept-Clarity,Personalization-Gap",UGC-polished,English,We used to spend so much time on math homework that my daughter was often missing playtime.,"If you're curious, they offer a free trial class.",Their approach is not about memorizing formulas - it's really understanding the why behind math.,High,
CAN_FB_Leads_Conv_LAL_Enrolled_Signup_Old-LP_35-55_Influencer_NA_Video_Heena_030226,Heena,10400,0,Behavioral-Outcome,1-1-Personalization,Free-Class,Named-child,"Engagement,Concept-Clarity",UGC-polished,English,The math hack every mom needs to know - it changed how my daughter sees math.,Book a trial class.,We started with Cuemath for Aashna. They offer a personalized learning plan.,High,
CAN_FB_Leads_Conv_LAL_Enrolled_Signup_Old-LP_35-55_Influencer_NA_Video_Keerthi_030226,Keerthi,4415,0,Cultural,Cultural-Relatability,Try-Cuemath,Named-child,"Competition-Prep,Personalization-Gap",UGC-polished,English,As an NRI parent we always have the tension as to where to send for tuition specially for Math.,It is definitely worth it - please give it a try.,They also train for competitive exams like Math Kangaroo and AMC 8.,High,
CAN_FB_Leads_Conv_LAL_Enrolled_Signup_Old-LP_35-55_Influencer_NA_Video_Priyanshul_IG_video_290126,Priyanshul,13700,0,Cultural,1-1-Personalization,Free-Class,Named-child,Concept-Clarity,UGC-polished,Mixed,Chicago ka weather abhi kaafi unpredictable chal raha hai.,I'll share the free trial class link with you.,They focus on building concepts rather than rote learning.,High,Hinglish NRI dad-of-Govind frame.
Influencer-Video_Priyanshul_260126,Priyanshul,8289,0,Cultural,1-1-Personalization,Free-Class,Named-child,Concept-Clarity,UGC-polished,Mixed,Chicago ka weather abhi kaafi unpredictable chal raha hai.,I'll share the free trial class link with you.,They focus on building concepts rather than rote learning.,High,Hinglish NRI dad-of-Govind frame.
MEA_AKT_FB_Leads_Conv_Dubai_Premium_Ecom_Brands_LP_Signup_Influencer_Videos_NA_Video_Keerthi_200426,Keerthi,2621,1,Cultural,Cultural-Relatability,Try-Cuemath,Named-child,"Competition-Prep,Personalization-Gap",UGC-polished,English,As an NRI parent we always have the tension as to where to send for tuition specially for Math.,It is definitely worth it - please give it a try.,They also train for competitive exams like Math Kangaroo and AMC 8.,High,
MEA_AKT_FB_Leads_Conv_Dubai_Premium_Ecom_Brands_LP_Signup_Influencer_Videos_NA_Video_Priyanshul_200426,Priyanshul,4388,0,Cultural,1-1-Personalization,Free-Class,Named-child,Concept-Clarity,UGC-polished,Mixed,Chicago ka weather abhi kaafi unpredictable chal raha hai.,I'll share the free trial class link with you.,They focus on building concepts rather than rote learning.,High,Hinglish NRI dad-of-Govind frame.
MEA_AKT_FB_Leads_Conv_Dubai_Premium_Ecom_Brands_LP_Signup_Influencer_Videos_NA_Video_Video_Shalini_Inhouse_Edit_200426,Shalini,4559,0,Academic-Outcome,Memorization-vs-Understanding,Try-Cuemath,Anonymous,"Confidence,Concept-Clarity",UGC-polished,English,"Mama, I got 100 on my math test.",Cuemath is definitely worth trying.,They focus on understanding concepts instead of memorizing formulas.,High,
MEA_AKT_FB_Leads_Conv_Dubai_Premium_Ecom_Brands_LP_Signup_Influencer_Videos_NA_Video_Video_Shweta_Negi_200426,Shweta Negi,64426,3,Behavioral-Outcome,1-1-Personalization,Try-Cuemath,Anonymous,Concept-Clarity,UGC-polished,English,He's been doing these Cuemath Classes. I love the fact that it's 1:1.,So if you want to see your... try this.,Concepts. He isn't just counting anymore.,High,
USA_AKT_FB_Leads_Conv_Advantage+Audience_Telugu_ShortForm-LP_NA_Video_Testimonial-Deepthi-31s-Telugu_11-Nov-2025,Deepthi,6802,0,Behavioral-Outcome,1-1-Personalization,Free-Class,Anonymous,"Confidence,Personalization-Gap",UGC-polished,Telugu,"Look, I solved this math puzzle all by myself and got the right answer.","If you want your child to have that one-on-one attention, book a free trial.",There is no pressure to keep up with the whole class.,High,
USA_AKT_FB_Leads_Conv_Advantage+Audience_Telugu_ShortForm-LP_NA_Video_Testimonial-Deepthi-31s-Telugu_11-Nov-2025,Deepthi,3865,0,Behavioral-Outcome,1-1-Personalization,Free-Class,Anonymous,"Confidence,Personalization-Gap",UGC-polished,Telugu,"Look, I solved this math puzzle all by myself and got the right answer.","If you want your child to have that one-on-one attention, book a free trial.",There is no pressure to keep up with the whole class.,High,
USA_AKT_FB_Leads_Conv_Advantage+Audience_Telugu_ShortForm-LP_NA_Video_Testimonial-Deepthi-31s-Telugu_11-Nov-2025,Deepthi,3094,0,Behavioral-Outcome,1-1-Personalization,Free-Class,Anonymous,"Confidence,Personalization-Gap",UGC-polished,Telugu,"Look, I solved this math puzzle all by myself and got the right answer.","If you want your child to have that one-on-one attention, book a free trial.",There is no pressure to keep up with the whole class.,High,
USA_AKT_FB_Leads_Conv_Advantage+Audience_Telugu_ShortForm-LP_NA_Video_Testimonial-Deepthi-31s-Telugu_11-Nov-2025,Deepthi,2221,0,Behavioral-Outcome,1-1-Personalization,Free-Class,Anonymous,"Confidence,Personalization-Gap",UGC-polished,Telugu,"Look, I solved this math puzzle all by myself and got the right answer.","If you want your child to have that one-on-one attention, book a free trial.",There is no pressure to keep up with the whole class.,High,
USA_AKT_FB_Leads_Conv_Expats_NRI_Telugu_LeadGen_NA_Video_Testimonial-Deepthi-31s-Telugu_180226,Deepthi,8873,0,Behavioral-Outcome,1-1-Personalization,Free-Class,Anonymous,"Confidence,Personalization-Gap",UGC-polished,Telugu,"Look, I solved this math puzzle all by myself and got the right answer.","If you want your child to have that one-on-one attention, book a free trial.",There is no pressure to keep up with the whole class.,High,
USA_FB_Leads_Conv_Advantage_Audience_Gujarati_35_55_LeadGen_NA_Video_Gujarati-Testimonial-Nidhi-Shah-020126,Nidhi,9111,1,Anxiety,Memorization-vs-Understanding,Free-Class,Anonymous,"Foundation,Confidence",UGC-polished,Gujarati,This year he will either love math or totally hate it. I wasn't ready to leave it to luck.,Book a free Cuemath trial class today.,Visual tools and logic games that turn abstract concepts into something real.,High,
USA_FB_Leads_Conv_Advantage_Audience_Telugu_LeadGen_35-55_LeadGen_NA_Video_Perf_Telegu_Influencer_Anudeep_US_150426,Anudeep,12360,0,Behavioral-Outcome,Top-Tutors,Try-Cuemath,Anonymous,"Concept-Clarity,Personalization-Gap",UGC-polished,Telugu,"Wow, I never thought the maths would be this good.",There will be a free Cuemath trial class. Try it once.,Personalized online 1-1 classes with top Indian tutors.,High,
USA_FB_Leads_Conv_Advantage_Audience_Telugu_LeadGen_35-55_LeadGen_NA_Video_Perf_Telegu_Influencer_Keerthi_US_150426,Keerthi,1758,0,Cultural,Cultural-Relatability,Try-Cuemath,Named-child,"Competition-Prep,Personalization-Gap",UGC-polished,Telugu,As an NRI parent we always have the tension as to where to send for tuition specially for Math.,It is definitely worth it - please give it a try.,They also train for competitive exams like Math Kangaroo and AMC 8.,High,
USA_FB_Leads_Conv_CTF_LAL_Enrolled_Signup_LP_Video_Influencer_Perf_Edit_Shweta_Negi_180326,Shweta Negi,28215,0,Behavioral-Outcome,1-1-Personalization,Try-Cuemath,Anonymous,Concept-Clarity,UGC-polished,English,He's been doing these Cuemath Classes. I love the fact that it's 1:1.,So if you want to see your... try this.,Concepts. He isn't just counting anymore.,High,
USA_FB_Leads_Conv_CTF_LAL_Enrolled_Signup_LP_Video_Influencer_Perf_Twitter_Edit_Heena_180326,Heena,9128,0,Behavioral-Outcome,1-1-Personalization,Free-Class,Named-child,"Engagement,Concept-Clarity",UGC-polished,English,The math hack every mom needs to know - it changed how my daughter sees math.,Book a trial class.,We started with Cuemath for Aashna. They offer a personalized learning plan.,High,
USA_FB_Leads_Conv_Expats_Female_35_55_Signup_LP_Influencer_Perf_Edit_NA_Video_Influencer_Perf_Twitter_Edit_Heena_130426,Heena,3525,0,Behavioral-Outcome,1-1-Personalization,Free-Class,Named-child,"Engagement,Concept-Clarity",UGC-polished,English,The math hack every mom needs to know - it changed how my daughter sees math.,Book a trial class.,We started with Cuemath for Aashna. They offer a personalized learning plan.,High,
USA_FB_Leads_Conv_Expats_Female_35_55_Signup_LP_Influencer_Perf_Edit_NA_Video_Perf_Influencer_Deepthi_US_130426,Deepthi,51727,2,Behavioral-Outcome,1-1-Personalization,Free-Class,Anonymous,"Confidence,Personalization-Gap",UGC-polished,English,"Look, I solved this math puzzle all by myself and got the right answer.","If you want your child to have that one-on-one attention, book a free trial.",There is no pressure to keep up with the whole class.,High,
USA_FB_Leads_Conv_Expats_Female_35_55_Signup_LP_Influencer_Perf_Edit_NA_Video_Perf_Influencer_Jia_US_130426,Jia,7438,0,Behavioral-Outcome,1-1-Personalization,Recommendation,Anonymous,"Engagement,Foundation",UGC-polished,English,I'm glad that my daughter is finally engaged with something productive.,I can't recommend this enough.,"They're building strong math foundation, playing fun math games.",High,
USA_FB_Leads_Conv_Expats_NRI_Audience_35-55_LeadGen_NA_Video_Influencer_Perf_Edit_Shweta_Negi_060426,Shweta Negi,3608,0,Behavioral-Outcome,1-1-Personalization,Try-Cuemath,Anonymous,Concept-Clarity,UGC-polished,English,He's been doing these Cuemath Classes. I love the fact that it's 1:1.,So if you want to see your... try this.,Concepts. He isn't just counting anymore.,High,
USA_FB_Leads_Conv_Expats_NRI_Audience_35-55_LeadGen_NA_Video_Influencer_Perf_Twitter_Edit_Heena_060426,Heena,512,0,Behavioral-Outcome,1-1-Personalization,Free-Class,Named-child,"Engagement,Concept-Clarity",UGC-polished,English,The math hack every mom needs to know - it changed how my daughter sees math.,Book a trial class.,We started with Cuemath for Aashna. They offer a personalized learning plan.,High,
USA_FB_Leads_Conv_Expats_NRI_Audience_35-55_LeadGen_NA_Video_Perf_Influencer_Deepthi_US_060426,Deepthi,1635,0,Behavioral-Outcome,1-1-Personalization,Free-Class,Anonymous,"Confidence,Personalization-Gap",UGC-polished,English,"Look, I solved this math puzzle all by myself and got the right answer.","If you want your child to have that one-on-one attention, book a free trial.",There is no pressure to keep up with the whole class.,High,
USA_FB_Leads_Conv_Expats_NRI_Audience_Signup_LP_Influencer_Perf_Edit_NA_Video_Influencer_Perf_Edit_Shweta_Negi_250326,Shweta Negi,29769,2,Behavioral-Outcome,1-1-Personalization,Try-Cuemath,Anonymous,Concept-Clarity,UGC-polished,English,He's been doing these Cuemath Classes. I love the fact that it's 1:1.,So if you want to see your... try this.,Concepts. He isn't just counting anymore.,High,
USA_FB_Leads_Conv_Expats_NRI_Audience_Signup_LP_Influencer_Perf_Edit_NA_Video_Influencer_Perf_Twitter_Edit_Heena_250326,Heena,24610,1,Behavioral-Outcome,1-1-Personalization,Free-Class,Named-child,"Engagement,Concept-Clarity",UGC-polished,English,The math hack every mom needs to know - it changed how my daughter sees math.,Book a trial class.,We started with Cuemath for Aashna. They offer a personalized learning plan.,High,
USA_FB_Leads_Conv_Expats_NRI_Audience_Signup_LP_Influencer_Perf_Edit_NA_Video_Perf_Influencer_Deepthi_US_250326,Deepthi,7394,0,Behavioral-Outcome,1-1-Personalization,Free-Class,Anonymous,"Confidence,Personalization-Gap",UGC-polished,English,"Look, I solved this math puzzle all by myself and got the right answer.","If you want your child to have that one-on-one attention, book a free trial.",There is no pressure to keep up with the whole class.,High,
USA_FB_Leads_Conv_Expats_NRI_Audience_Signup_LP_Influencer_Perf_Edit_NA_Video_Perf_Influencer_Jia_US_250326,Jia,5078,0,Behavioral-Outcome,1-1-Personalization,Recommendation,Anonymous,"Engagement,Foundation",UGC-polished,English,I'm glad that my daughter is finally engaged with something productive.,I can't recommend this enough.,"They're building strong math foundation, playing fun math games.",High,
USA_FB_Leads_Conv_Expats_NRI_Audience_Signup_LP_Influencer_Perf_Edit_NA_Video_Perf_Telegu_Influencer_Anudeep_US_250326,Anudeep,32825,0,Behavioral-Outcome,Top-Tutors,Try-Cuemath,Anonymous,"Concept-Clarity,Personalization-Gap",UGC-polished,Telugu,"Wow, I never thought the maths would be this good.",There will be a free Cuemath trial class. Try it once.,Personalized online 1-1 classes with top Indian tutors.,High,
USA_FB_Leads_Conv_Expats_NRI_Audience_Signup_LP_Influencer_Perf_Edit_NA_Video_Perf_Telegu_Influencer_Keerthi_US_250326,Keerthi,15857,0,Cultural,Cultural-Relatability,Try-Cuemath,Named-child,"Competition-Prep,Personalization-Gap",UGC-polished,Telugu,As an NRI parent we always have the tension as to where to send for tuition specially for Math.,It is definitely worth it - please give it a try.,They also train for competitive exams like Math Kangaroo and AMC 8.,High,
USA_FB_Leads_Conv_Expats_NRI_Audience_Telugu_LeadGen_35-55_LeadGen_NA_Video_Perf_Telegu_Influencer_Anudeep_US_150426,Anudeep,26234,0,Behavioral-Outcome,Top-Tutors,Try-Cuemath,Anonymous,"Concept-Clarity,Personalization-Gap",UGC-polished,Telugu,"Wow, I never thought the maths would be this good.",There will be a free Cuemath trial class. Try it once.,Personalized online 1-1 classes with top Indian tutors.,High,
USA_FB_Leads_Conv_Expats_NRI_Audience_Telugu_LeadGen_35-55_LeadGen_NA_Video_Perf_Telegu_Influencer_Keerthi_US_150426,Keerthi,9564,0,Cultural,Cultural-Relatability,Try-Cuemath,Named-child,"Competition-Prep,Personalization-Gap",UGC-polished,Telugu,As an NRI parent we always have the tension as to where to send for tuition specially for Math.,It is definitely worth it - please give it a try.,They also train for competitive exams like Math Kangaroo and AMC 8.,High,
USA_FB_Leads_Conv_Expats_NRI_Signup_Old-LP_35-55_Influencer_NA_Video_Heena_030226,Heena,19395,1,Behavioral-Outcome,1-1-Personalization,Free-Class,Named-child,"Engagement,Concept-Clarity",UGC-polished,English,The math hack every mom needs to know - it changed how my daughter sees math.,Book a trial class.,We started with Cuemath for Aashna. They offer a personalized learning plan.,High,
USA_FB_Leads_Conv_Expats_NRI_Signup_Old-LP_35-55_Influencer_NA_Video_Keerthi_030226,Keerthi,111467,4,Cultural,Cultural-Relatability,Try-Cuemath,Named-child,"Competition-Prep,Personalization-Gap",UGC-polished,English,As an NRI parent we always have the tension as to where to send for tuition specially for Math.,It is definitely worth it - please give it a try.,They also train for competitive exams like Math Kangaroo and AMC 8.,High,
USA_FB_Leads_Conv_Expats_NRI_Signup_Old-LP_35-55_Influencer_NA_Video_Priyanshul_IG_video_290126,Priyanshul,152903,3,Cultural,1-1-Personalization,Free-Class,Named-child,Concept-Clarity,UGC-polished,Mixed,Chicago ka weather abhi kaafi unpredictable chal raha hai.,I'll share the free trial class link with you.,They focus on building concepts rather than rote learning.,High,Hinglish NRI dad-of-Govind frame.
USA_FB_Leads_Conv_Influencer_35_55_Advantage_LP_Signup_NA_Video_Shalini_Inhouse_Edit_030326,Shalini,171169,4,Academic-Outcome,Memorization-vs-Understanding,Try-Cuemath,Anonymous,"Confidence,Concept-Clarity",UGC-polished,English,"Mama, I got 100 on my math test.",Cuemath is definitely worth trying.,They focus on understanding concepts instead of memorizing formulas.,High,
USA_FB_Leads_Conv_Influencer_35_55_Advantage_LP_Signup_NA_Video_Shalini_Inhouse_Edit_030326,Shalini,11040,4,Academic-Outcome,Memorization-vs-Understanding,Try-Cuemath,Anonymous,"Confidence,Concept-Clarity",UGC-polished,English,"Mama, I got 100 on my math test.",Cuemath is definitely worth trying.,They focus on understanding concepts instead of memorizing formulas.,High,
USA_FB_Leads_Conv_Influencer_35_55_Advantage_LP_Signup_NA_Video_Shalini_Inhouse_Edit_310326,Shalini,32329,0,Academic-Outcome,Memorization-vs-Understanding,Try-Cuemath,Anonymous,"Confidence,Concept-Clarity",UGC-polished,English,"Mama, I got 100 on my math test.",Cuemath is definitely worth trying.,They focus on understanding concepts instead of memorizing formulas.,High,
USA_FB_Leads_Conv_Influencer_Expats_Part1_Signup_LP_Postboost_Video_Ana_250426,Ana,13387,0,Enrichment,Memorization-vs-Understanding,Free-Class,Anonymous,Topic-Algebra,UGC-polished,English,I started using Cuemath for high school prep. My tutor just doesn't give me formulas to memorize.,Do them a favor and book the free trial.,Visual simulations that make advanced algebra and geometry actually make sense.,High,
USA_FB_Leads_Conv_Influencer_Expats_Part1_Signup_LP_Postboost_Video_Anudeep_250426,Anudeep,20497,0,Behavioral-Outcome,Top-Tutors,Try-Cuemath,Anonymous,"Concept-Clarity,Personalization-Gap",UGC-polished,English,"Wow, I never thought the maths would be this good.",There will be a free Cuemath trial class. Try it once.,Personalized online 1-1 classes with top Indian tutors.,High,
USA_FB_Leads_Conv_Influencer_Expats_Part1_Signup_LP_Postboost_Video_Jayashree_250426,Jayashree,5548,0,Behavioral-Outcome,1-1-Personalization,Try-Cuemath,Anonymous,Engagement,UGC-polished,English,She actually gets excited to sit at her desk for her Cuemath class.,"If you want your child to enjoy math like this, you should try it.",Her tutor really understands her learning style and keeps math fun.,High,
USA_FB_Leads_Conv_Influencer_Expats_Part1_Signup_LP_Postboost_Video_Priyanka_D_280426,Priyanka D,7818,0,Behavioral-Outcome,1-1-Personalization,Free-Class,Anonymous,"Concept-Clarity,Confidence",UGC-polished,English,"Mama, if one apple costs $3, how much would seven apples cost? $21. So easy.",If you want to try out for a free Cuemath trial class.,"His tutor goes at his pace, makes sure he really understand math and focuses on reasoning.",High,
USA_FB_Leads_Conv_Influencer_Expats_Part2_Signup_LP_Postboost_Video_Priyanka_D_250426,Priyanka D,2767,0,Behavioral-Outcome,1-1-Personalization,Free-Class,Anonymous,"Concept-Clarity,Confidence",UGC-polished,English,"Mama, if one apple costs $3, how much would seven apples cost? $21. So easy.",If you want to try out for a free Cuemath trial class.,"His tutor goes at his pace, makes sure he really understand math and focuses on reasoning.",High,
USA_FB_Leads_Conv_Influencer_Expats_Part3_Signup_LP_Postboost_Video_Seema_250426,Seema,12047,0,Child-diagnosis,1-1-Personalization,Free-Class,Anonymous,"Confidence,Personalization-Gap",UGC-polished,English,Group classes with 20 to 30 kids did not give her the confidence to speak up.,Cuemath is offering one free one-on-one trial class.,"They make her think, explain her reasoning, and really understand the why.",High,
USA_FB_Leads_Conv_Influencer_LAL_Enrolled_Signup_LP_Edited_Videos_Video_Jayashree_190326,Jayashree,8039,0,Behavioral-Outcome,1-1-Personalization,Try-Cuemath,Anonymous,Engagement,UGC-polished,English,She actually gets excited to sit at her desk for her Cuemath class.,"If you want your child to enjoy math like this, you should try it.",Her tutor really understands her learning style and keeps math fun.,High,
USA_FB_Leads_Conv_Influencer_LAL_Enrolled_Signup_LP_Edited_Videos_Video_Jugnu_190326,Jugnu,7551,0,Child-diagnosis,Memorization-vs-Understanding,Free-Class,Anonymous,"Concept-Clarity,Personalization-Gap",UGC-polished,English,We used to spend so much time on math homework that my daughter was often missing playtime.,"If you're curious, they offer a free trial class.",Their approach is not about memorizing formulas - it's really understanding the why behind math.,High,
USA_FB_Leads_Conv_Influencer_LAL_Enrolled_Signup_LP_Edited_Videos_Video_Priyanshul_190326,Priyanshul,36679,1,Cultural,1-1-Personalization,Free-Class,Named-child,Concept-Clarity,UGC-polished,Mixed,Chicago ka weather abhi kaafi unpredictable chal raha hai.,I'll share the free trial class link with you.,They focus on building concepts rather than rote learning.,High,Hinglish NRI dad-of-Govind frame.
USA_FB_Leads_Conv_Influencer_LAL_Enrolled_Signup_LP_Edited_Videos_Video_Priyanshul_IG_220326,Priyanshul,3114,0,Cultural,1-1-Personalization,Free-Class,Named-child,Concept-Clarity,UGC-polished,Mixed,Chicago ka weather abhi kaafi unpredictable chal raha hai.,I'll share the free trial class link with you.,They focus on building concepts rather than rote learning.,High,Hinglish NRI dad-of-Govind frame.
USA_FB_Leads_Conv_Influencer_LAL_Enrolled_Signup_LP_Edited_Videos_Video_Sahar_190326,Sahar,2110,0,Child-diagnosis,MathFit,Free-Class,Anonymous,Concept-Clarity,UGC-polished,English,"He could sometimes get the right answer in math. But when I asked him how he solved it, he couldn't really explain it.",You can also try their free trial class.,"They call it becoming MathFit, developing real problem solving and reasoning skills.",High,Script says QMath but means Cuemath.
USA_FB_Leads_Conv_Influencer_LAL_Enrolled_Signup_LP_Postboost_Placement_Targeting_Video_Abhilasha_170326,Abhilasha,11865,0,Behavioral-Outcome,1-1-Personalization,Free-Class,Anonymous,"Engagement,Concept-Clarity",UGC-polished,English,"I love a good mom hack, but this one actually changed our everyday routine.",Cuemath even offers a free trial.,He asks questions freely and gets instant feedback. Math time is no longer a struggle.,High,
USA_FB_Leads_Conv_Influencer_LAL_Enrolled_Signup_LP_Postboost_Placement_Targeting_Video_Jayashree_170326,Jayashree,11060,0,Behavioral-Outcome,1-1-Personalization,Try-Cuemath,Anonymous,Engagement,UGC-polished,English,She actually gets excited to sit at her desk for her Cuemath class.,"If you want your child to enjoy math like this, you should try it.",Her tutor really understands her learning style and keeps math fun.,High,
USA_FB_Leads_Conv_Influencer_LAL_Enrolled_Signup_LP_Postboost_Placement_Targeting_Video_Jugnu_170326,Jugnu,7956,0,Child-diagnosis,Memorization-vs-Understanding,Free-Class,Anonymous,"Concept-Clarity,Personalization-Gap",UGC-polished,English,We used to spend so much time on math homework that my daughter was often missing playtime.,"If you're curious, they offer a free trial class.",Their approach is not about memorizing formulas - it's really understanding the why behind math.,High,
USA_FB_Leads_Conv_Influencer_LAL_Enrolled_Signup_LP_Postboost_Placement_Targeting_Video_Priyanshul_170326,Priyanshul,77794,0,Cultural,1-1-Personalization,Free-Class,Named-child,Concept-Clarity,UGC-polished,Mixed,Chicago ka weather abhi kaafi unpredictable chal raha hai.,I'll share the free trial class link with you.,They focus on building concepts rather than rote learning.,High,Hinglish NRI dad-of-Govind frame.
USA_FB_Leads_Conv_Influencer_LAL_Enrolled_Signup_LP_Postboost_Placement_Targeting_Video_Sahar_170326,Sahar,14866,0,Child-diagnosis,MathFit,Free-Class,Anonymous,Concept-Clarity,UGC-polished,English,"He could sometimes get the right answer in math. But when I asked him how he solved it, he couldn't really explain it.",You can also try their free trial class.,"They call it becoming MathFit, developing real problem solving and reasoning skills.",High,Script says QMath but means Cuemath.
USA_FB_Leads_Conv_Influencer_LAL_Enrolled_Signup_LP_Postboost_Placement_Targeting_Video_Seema_170326,Seema,25396,1,Child-diagnosis,1-1-Personalization,Free-Class,Anonymous,"Confidence,Personalization-Gap",UGC-polished,English,Group classes with 20 to 30 kids did not give her the confidence to speak up.,Cuemath is offering one free one-on-one trial class.,"They make her think, explain her reasoning, and really understand the why.",High,
USA_FB_Leads_Conv_Influencer_LAL_Enrolled_Signup_LP_Postboost_Placement_Targeting_Video_Suzy_170326,Suzy,11202,0,Child-diagnosis,Memorization-vs-Understanding,Unclear,Anonymous,"Concept-Clarity,Confidence",UGC-polished,English,"Every time it was time for math homework, my daughter would get frustrated.",She showed me a math puzzle she solved on her own.,"Instead of memorising formulas, she finally started understanding the concepts.",High,No explicit CTA in script.
USA_FB_Leads_Conv_Influencer_LAL_Enrolled_Signup_LP_Postboost_Video_Abhilasha_170326,Abhilasha,9705,0,Behavioral-Outcome,1-1-Personalization,Free-Class,Anonymous,"Engagement,Concept-Clarity",UGC-polished,English,"I love a good mom hack, but this one actually changed our everyday routine.",Cuemath even offers a free trial.,He asks questions freely and gets instant feedback. Math time is no longer a struggle.,High,
USA_FB_Leads_Conv_Influencer_LAL_Enrolled_Signup_LP_Postboost_Video_Jayashree_170326,Jayashree,13269,0,Behavioral-Outcome,1-1-Personalization,Try-Cuemath,Anonymous,Engagement,UGC-polished,English,She actually gets excited to sit at her desk for her Cuemath class.,"If you want your child to enjoy math like this, you should try it.",Her tutor really understands her learning style and keeps math fun.,High,
USA_FB_Leads_Conv_Influencer_LAL_Enrolled_Signup_LP_Postboost_Video_Jugnu_170326,Jugnu,8044,0,Child-diagnosis,Memorization-vs-Understanding,Free-Class,Anonymous,"Concept-Clarity,Personalization-Gap",UGC-polished,English,We used to spend so much time on math homework that my daughter was often missing playtime.,"If you're curious, they offer a free trial class.",Their approach is not about memorizing formulas - it's really understanding the why behind math.,High,
USA_FB_Leads_Conv_Influencer_LAL_Enrolled_Signup_LP_Postboost_Video_Priyanshul_170326,Priyanshul,331799,8,Cultural,1-1-Personalization,Free-Class,Named-child,Concept-Clarity,UGC-polished,Mixed,Chicago ka weather abhi kaafi unpredictable chal raha hai.,I'll share the free trial class link with you.,They focus on building concepts rather than rote learning.,High,Hinglish NRI dad-of-Govind frame.
USA_FB_Leads_Conv_Influencer_LAL_Enrolled_Signup_LP_Postboost_Video_Priyanshul_200426,Priyanshul,32053,0,Cultural,1-1-Personalization,Free-Class,Named-child,Concept-Clarity,UGC-polished,Mixed,Chicago ka weather abhi kaafi unpredictable chal raha hai.,I'll share the free trial class link with you.,They focus on building concepts rather than rote learning.,High,Hinglish NRI dad-of-Govind frame.
USA_FB_Leads_Conv_Influencer_LAL_Enrolled_Signup_LP_Postboost_Video_Sahar_170326,Sahar,39527,0,Child-diagnosis,MathFit,Free-Class,Anonymous,Concept-Clarity,UGC-polished,English,"He could sometimes get the right answer in math. But when I asked him how he solved it, he couldn't really explain it.",You can also try their free trial class.,"They call it becoming MathFit, developing real problem solving and reasoning skills.",High,Script says QMath but means Cuemath.
USA_FB_Leads_Conv_Influencer_LAL_Enrolled_Signup_LP_Postboost_Video_Seema_170326,Seema,15112,0,Child-diagnosis,1-1-Personalization,Free-Class,Anonymous,"Confidence,Personalization-Gap",UGC-polished,English,Group classes with 20 to 30 kids did not give her the confidence to speak up.,Cuemath is offering one free one-on-one trial class.,"They make her think, explain her reasoning, and really understand the why.",High,
USA_FB_Leads_Conv_Influencer_LAL_Enrolled_Signup_LP_Postboost_Video_Suzy_170326,Suzy,8158,0,Child-diagnosis,Memorization-vs-Understanding,Unclear,Anonymous,"Concept-Clarity,Confidence",UGC-polished,English,"Every time it was time for math homework, my daughter would get frustrated.",She showed me a math puzzle she solved on her own.,"Instead of memorising formulas, she finally started understanding the concepts.",High,No explicit CTA in script.
USA_FB_Leads_Conv_Influencer_LAL_Razorpay_High_School_Part1_Signup_LP_Postboost_Video_Deepthi_Bandaru_240426,Deepthi,21511,0,Behavioral-Outcome,1-1-Personalization,Free-Class,Anonymous,"Confidence,Personalization-Gap",UGC-polished,English,"Look, I solved this math puzzle all by myself and got the right answer.","If you want your child to have that one-on-one attention, book a free trial.",There is no pressure to keep up with the whole class.,High,
USA_FB_Leads_Conv_Influencer_LAL_Razorpay_High_School_Part1_Signup_LP_Postboost_Video_Nidhi_240426,Nidhi,68667,0,Anxiety,Memorization-vs-Understanding,Free-Class,Anonymous,"Foundation,Confidence",UGC-polished,English,This year he will either love math or totally hate it. I wasn't ready to leave it to luck.,Book a free Cuemath trial class today.,Visual tools and logic games that turn abstract concepts into something real.,High,
USA_FB_Leads_Conv_Influencer_LAL_Razorpay_High_School_Part2_Signup_LP_Postboost_Video_Alev_240426,Alev,260,0,Enrichment,1-1-Personalization,Free-Class,Anonymous,"Concept-Clarity,Personalization-Gap",UGC-polished,English,"She's always been good at math, but I knew school alone wouldn't be enough.",Check out the free trial class.,Visual and interactive methods that actually help her understand the concepts.,High,
USA_FB_Leads_Conv_Influencer_LAL_Razorpay_High_School_Part2_Signup_LP_Postboost_Video_Suzy_240426,Suzy,13779,0,Child-diagnosis,Memorization-vs-Understanding,Unclear,Anonymous,"Concept-Clarity,Confidence",UGC-polished,English,"Every time it was time for math homework, my daughter would get frustrated.",She showed me a math puzzle she solved on her own.,"Instead of memorising formulas, she finally started understanding the concepts.",High,No explicit CTA in script.
USA_FB_Leads_Conv_Influencer_LAL_Razorpay_Part1_Signup_LP_Postboost_Video_Ana_240426,Ana,71,0,Enrichment,Memorization-vs-Understanding,Free-Class,Anonymous,Topic-Algebra,UGC-polished,English,I started using Cuemath for high school prep. My tutor just doesn't give me formulas to memorize.,Do them a favor and book the free trial.,Visual simulations that make advanced algebra and geometry actually make sense.,High,
USA_FB_Leads_Conv_Influencer_LAL_Razorpay_Part1_Signup_LP_Postboost_Video_Anudeep_240426,Anudeep,9800,0,Behavioral-Outcome,Top-Tutors,Try-Cuemath,Anonymous,"Concept-Clarity,Personalization-Gap",UGC-polished,English,"Wow, I never thought the maths would be this good.",There will be a free Cuemath trial class. Try it once.,Personalized online 1-1 classes with top Indian tutors.,High,
USA_FB_Leads_Conv_Influencer_LAL_Razorpay_Part1_Signup_LP_Postboost_Video_Jayashree_240426,Jayashree,6944,0,Behavioral-Outcome,1-1-Personalization,Try-Cuemath,Anonymous,Engagement,UGC-polished,English,She actually gets excited to sit at her desk for her Cuemath class.,"If you want your child to enjoy math like this, you should try it.",Her tutor really understands her learning style and keeps math fun.,High,
USA_FB_Leads_Conv_Influencer_LAL_Razorpay_Part2_Signup_LP_Postboost_Video_Priyanka_D_240426,Priyanka D,5988,0,Behavioral-Outcome,1-1-Personalization,Free-Class,Anonymous,"Concept-Clarity,Confidence",UGC-polished,English,"Mama, if one apple costs $3, how much would seven apples cost? $21. So easy.",If you want to try out for a free Cuemath trial class.,"His tutor goes at his pace, makes sure he really understand math and focuses on reasoning.",High,
USA_FB_Leads_Conv_Influencer_LAL_Razorpay_Part3_Signup_LP_Postboost_Video_Seema_240426,Seema,1113,0,Child-diagnosis,1-1-Personalization,Free-Class,Anonymous,"Confidence,Personalization-Gap",UGC-polished,English,Group classes with 20 to 30 kids did not give her the confidence to speak up.,Cuemath is offering one free one-on-one trial class.,"They make her think, explain her reasoning, and really understand the why.",High,
USA_FB_Leads_Conv_Influencer_LAL_Razorpay_Part4_Signup_LP_Postboost_Video_ARIGELA_KEERTHI_PRIYA_290426,Keerthi,2590,0,Cultural,Cultural-Relatability,Try-Cuemath,Named-child,"Competition-Prep,Personalization-Gap",UGC-polished,English,As an NRI parent we always have the tension as to where to send for tuition specially for Math.,It is definitely worth it - please give it a try.,They also train for competitive exams like Math Kangaroo and AMC 8.,High,
USA_FB_Leads_Conv_Influencer_Postboost_Advantage_Parents_35_55_LeadGen_Part1_NA_Video_Sahar_060426,Sahar,1957,0,Child-diagnosis,MathFit,Free-Class,Anonymous,Concept-Clarity,UGC-polished,English,"He could sometimes get the right answer in math. But when I asked him how he solved it, he couldn't really explain it.",You can also try their free trial class.,"They call it becoming MathFit, developing real problem solving and reasoning skills.",High,Script says QMath but means Cuemath.
USA_FB_Leads_Conv_Influencer_Postboost_Advantage_Parents_35_55_LeadGen_Part1_NA_Video_Seema_060426,Seema,31947,0,Child-diagnosis,1-1-Personalization,Free-Class,Anonymous,"Confidence,Personalization-Gap",UGC-polished,English,Group classes with 20 to 30 kids did not give her the confidence to speak up.,Cuemath is offering one free one-on-one trial class.,"They make her think, explain her reasoning, and really understand the why.",High,
USA_FB_Leads_Conv_Influencer_Postboost_Advantage_Parents_35_55_LeadGen_Part2_NA_Video_Abhilasha_060426,Abhilasha,33397,0,Behavioral-Outcome,1-1-Personalization,Free-Class,Anonymous,"Engagement,Concept-Clarity",UGC-polished,English,"I love a good mom hack, but this one actually changed our everyday routine.",Cuemath even offers a free trial.,He asks questions freely and gets instant feedback. Math time is no longer a struggle.,High,
USA_FB_Leads_Conv_Influencer_Postboost_Advantage_Parents_35_55_LeadGen_Part2_NA_Video_Jayashree_060426,Jayashree,20175,0,Behavioral-Outcome,1-1-Personalization,Try-Cuemath,Anonymous,Engagement,UGC-polished,English,She actually gets excited to sit at her desk for her Cuemath class.,"If you want your child to enjoy math like this, you should try it.",Her tutor really understands her learning style and keeps math fun.,High,
USA_FB_Leads_Conv_Influencer_Postboost_Advantage_Parents_35_55_LeadGen_Part2_NA_Video_Jugnu_060426,Jugnu,28773,0,Child-diagnosis,Memorization-vs-Understanding,Free-Class,Anonymous,"Concept-Clarity,Personalization-Gap",UGC-polished,English,We used to spend so much time on math homework that my daughter was often missing playtime.,"If you're curious, they offer a free trial class.",Their approach is not about memorizing formulas - it's really understanding the why behind math.,High,
USA_FB_Leads_Conv_Influencer_Postboost_Advantage_Parents_35_55_LeadGen_Part2_NA_Video_Suzy_060426,Suzy,800,0,Child-diagnosis,Memorization-vs-Understanding,Unclear,Anonymous,"Concept-Clarity,Confidence",UGC-polished,English,"Every time it was time for math homework, my daughter would get frustrated.",She showed me a math puzzle she solved on her own.,"Instead of memorising formulas, she finally started understanding the concepts.",High,No explicit CTA in script.
USA_FB_Leads_Conv_Int_Influencer_PayU_NRI_Audience_LP_Signup_Signup_Video_Deepthi_230226,Deepthi,8929,0,Behavioral-Outcome,1-1-Personalization,Free-Class,Anonymous,"Confidence,Personalization-Gap",UGC-polished,English,"Look, I solved this math puzzle all by myself and got the right answer.","If you want your child to have that one-on-one attention, book a free trial.",There is no pressure to keep up with the whole class.,High,
USA_FB_Leads_Conv_Int_Influencer_PayU_NRI_Audience_LP_Signup_Signup_Video_Shweta_Negi_230226,Shweta Negi,14662,0,Behavioral-Outcome,1-1-Personalization,Try-Cuemath,Anonymous,Concept-Clarity,UGC-polished,English,He's been doing these Cuemath Classes. I love the fact that it's 1:1.,So if you want to see your... try this.,Concepts. He isn't just counting anymore.,High,
USA_FB_Leads_Conv_Int_Influencer_PayU_NRI_Audience_LP_Signup_Video_Anudeep_230226,Anudeep,11734,0,Behavioral-Outcome,Top-Tutors,Try-Cuemath,Anonymous,"Concept-Clarity,Personalization-Gap",UGC-polished,English,"Wow, I never thought the maths would be this good.",There will be a free Cuemath trial class. Try it once.,Personalized online 1-1 classes with top Indian tutors.,High,
USA_FB_Leads_Conv_Int_Influencer_PayU_NRI_Audience_LP_Signup_Video_Keerthi_230226,Keerthi,7979,0,Cultural,Cultural-Relatability,Try-Cuemath,Named-child,"Competition-Prep,Personalization-Gap",UGC-polished,English,As an NRI parent we always have the tension as to where to send for tuition specially for Math.,It is definitely worth it - please give it a try.,They also train for competitive exams like Math Kangaroo and AMC 8.,High,
USA_FB_Leads_Conv_Int_Influencer_PayU_New_Audience_LP_Signup_Signup_Video_Deepthi_230226,Deepthi,7229,0,Behavioral-Outcome,1-1-Personalization,Free-Class,Anonymous,"Confidence,Personalization-Gap",UGC-polished,English,"Look, I solved this math puzzle all by myself and got the right answer.","If you want your child to have that one-on-one attention, book a free trial.",There is no pressure to keep up with the whole class.,High,
USA_FB_Leads_Conv_Int_Influencer_PayU_New_Audience_LP_Signup_Signup_Video_Shweta_Negi_230226,Shweta Negi,23676,0,Behavioral-Outcome,1-1-Personalization,Try-Cuemath,Anonymous,Concept-Clarity,UGC-polished,English,He's been doing these Cuemath Classes. I love the fact that it's 1:1.,So if you want to see your... try this.,Concepts. He isn't just counting anymore.,High,
USA_FB_Leads_Conv_Int_Influencer_PayU_New_Audience_LP_Signup_Video_Anudeep_230226,Anudeep,10382,0,Behavioral-Outcome,Top-Tutors,Try-Cuemath,Anonymous,"Concept-Clarity,Personalization-Gap",UGC-polished,English,"Wow, I never thought the maths would be this good.",There will be a free Cuemath trial class. Try it once.,Personalized online 1-1 classes with top Indian tutors.,High,
USA_FB_Leads_Conv_Int_Influencer_PayU_New_Audience_LP_Signup_Video_Keerthi_230226,Keerthi,9512,0,Cultural,Cultural-Relatability,Try-Cuemath,Named-child,"Competition-Prep,Personalization-Gap",UGC-polished,English,As an NRI parent we always have the tension as to where to send for tuition specially for Math.,It is definitely worth it - please give it a try.,They also train for competitive exams like Math Kangaroo and AMC 8.,High,
USA_FB_Leads_Conv_Int_Influencer_PayU_New_Audience_LP_Signup_Video_Priyanshul-IG_250226,Priyanshul,29814,0,Cultural,1-1-Personalization,Free-Class,Named-child,Concept-Clarity,UGC-polished,Mixed,Chicago ka weather abhi kaafi unpredictable chal raha hai.,I'll share the free trial class link with you.,They focus on building concepts rather than rote learning.,High,Hinglish NRI dad-of-Govind frame.
USA_FB_Leads_Conv_Int_Influencer_Postboost_35-55_Advantage_ShortForm-LP_NA_Video_Priyanshul-2_060126,Priyanshul,3,0,Cultural,1-1-Personalization,Free-Class,Named-child,Concept-Clarity,UGC-polished,Mixed,Chicago ka weather abhi kaafi unpredictable chal raha hai.,I'll share the free trial class link with you.,They focus on building concepts rather than rote learning.,High,Hinglish NRI dad-of-Govind frame.
USA_FB_Leads_Conv_Int_Influencer_Postboost_35-55_Advantage_ShortForm-LP_NA_Video_Priyanshul-2_060126,Priyanshul,9765,0,Cultural,1-1-Personalization,Free-Class,Named-child,Concept-Clarity,UGC-polished,Mixed,Chicago ka weather abhi kaafi unpredictable chal raha hai.,I'll share the free trial class link with you.,They focus on building concepts rather than rote learning.,High,Hinglish NRI dad-of-Govind frame.
USA_FB_Leads_Conv_Int_Influencer_Postboost_35-55_Advantage_ShortForm-LP_NA_Video_Priyanshul_060126,Priyanshul,128,4,Cultural,1-1-Personalization,Free-Class,Named-child,Concept-Clarity,UGC-polished,Mixed,Chicago ka weather abhi kaafi unpredictable chal raha hai.,I'll share the free trial class link with you.,They focus on building concepts rather than rote learning.,High,Hinglish NRI dad-of-Govind frame.
USA_FB_Leads_Conv_Int_Influencer_Postboost_35-55_Advantage_ShortForm-LP_NA_Video_Priyanshul_060126,Priyanshul,432664,4,Cultural,1-1-Personalization,Free-Class,Named-child,Concept-Clarity,UGC-polished,Mixed,Chicago ka weather abhi kaafi unpredictable chal raha hai.,I'll share the free trial class link with you.,They focus on building concepts rather than rote learning.,High,Hinglish NRI dad-of-Govind frame.
USA_FB_Leads_Conv_Int_New_Influencer_Postboost_35-55_Advantage_ShortForm_LP_Signup_Video_Ana_150126,Ana,12241,0,Enrichment,Memorization-vs-Understanding,Free-Class,Anonymous,Topic-Algebra,UGC-polished,English,I started using Cuemath for high school prep. My tutor just doesn't give me formulas to memorize.,Do them a favor and book the free trial.,Visual simulations that make advanced algebra and geometry actually make sense.,High,
USA_FB_Leads_Conv_Int_New_Influencer_Postboost_35-55_Advantage_ShortForm_LP_Signup_Video_Anudeep_180226,Anudeep,153756,3,Behavioral-Outcome,Top-Tutors,Try-Cuemath,Anonymous,"Concept-Clarity,Personalization-Gap",UGC-polished,English,"Wow, I never thought the maths would be this good.",There will be a free Cuemath trial class. Try it once.,Personalized online 1-1 classes with top Indian tutors.,High,
USA_FB_Leads_Conv_Int_New_Influencer_Postboost_35-55_Advantage_ShortForm_LP_Signup_Video_Deepthi_180226,Deepthi,82866,0,Behavioral-Outcome,1-1-Personalization,Free-Class,Anonymous,"Confidence,Personalization-Gap",UGC-polished,English,"Look, I solved this math puzzle all by myself and got the right answer.","If you want your child to have that one-on-one attention, book a free trial.",There is no pressure to keep up with the whole class.,High,
USA_FB_Leads_Conv_Int_New_Influencer_Postboost_35-55_Advantage_ShortForm_LP_Signup_Video_Heena_200126,Heena,19102,1,Behavioral-Outcome,1-1-Personalization,Free-Class,Named-child,"Engagement,Concept-Clarity",UGC-polished,English,The math hack every mom needs to know - it changed how my daughter sees math.,Book a trial class.,We started with Cuemath for Aashna. They offer a personalized learning plan.,High,
USA_FB_Leads_Conv_Int_New_Influencer_Postboost_35-55_Advantage_ShortForm_LP_Signup_Video_Keerthi_050326,Keerthi,25039,1,Cultural,Cultural-Relatability,Try-Cuemath,Named-child,"Competition-Prep,Personalization-Gap",UGC-polished,English,As an NRI parent we always have the tension as to where to send for tuition specially for Math.,It is definitely worth it - please give it a try.,They also train for competitive exams like Math Kangaroo and AMC 8.,High,
USA_FB_Leads_Conv_Int_New_Influencer_Postboost_35-55_Advantage_ShortForm_LP_Signup_Video_Keerthi_230126,Keerthi,253214,10,Cultural,Cultural-Relatability,Try-Cuemath,Named-child,"Competition-Prep,Personalization-Gap",UGC-polished,English,As an NRI parent we always have the tension as to where to send for tuition specially for Math.,It is definitely worth it - please give it a try.,They also train for competitive exams like Math Kangaroo and AMC 8.,High,
USA_FB_Leads_Conv_Int_New_Influencer_Postboost_35-55_Advantage_ShortForm_LP_Signup_Video_Keerthi_310326,Keerthi,21461,0,Cultural,Cultural-Relatability,Try-Cuemath,Named-child,"Competition-Prep,Personalization-Gap",UGC-polished,English,As an NRI parent we always have the tension as to where to send for tuition specially for Math.,It is definitely worth it - please give it a try.,They also train for competitive exams like Math Kangaroo and AMC 8.,High,
USA_FB_Leads_Conv_Int_New_Influencer_Postboost_35-55_Advantage_ShortForm_LP_Signup_Video_Priyanshul-IG-video_280126,Priyanshul,236527,9,Cultural,1-1-Personalization,Free-Class,Named-child,Concept-Clarity,UGC-polished,Mixed,Chicago ka weather abhi kaafi unpredictable chal raha hai.,I'll share the free trial class link with you.,They focus on building concepts rather than rote learning.,High,Hinglish NRI dad-of-Govind frame.
USA_FB_Leads_Conv_Int_New_Influencer_Postboost_35-55_Advantage_ShortForm_LP_Signup_Video_Priyanshul_YT_110326,Priyanshul,26325,0,Cultural,1-1-Personalization,Free-Class,Named-child,Concept-Clarity,UGC-polished,Mixed,Chicago ka weather abhi kaafi unpredictable chal raha hai.,I'll share the free trial class link with you.,They focus on building concepts rather than rote learning.,High,Hinglish NRI dad-of-Govind frame.
USA_FB_Leads_Conv_Int_New_Influencer_Postboost_35-55_Advantage_ShortForm_LP_Signup_Video_Shweta_Negi_180226,Shweta Negi,392208,9,Behavioral-Outcome,1-1-Personalization,Try-Cuemath,Anonymous,Concept-Clarity,UGC-polished,English,He's been doing these Cuemath Classes. I love the fact that it's 1:1.,So if you want to see your... try this.,Concepts. He isn't just counting anymore.,High,
USA_FB_Leads_Conv_Int_Parents_Influencer_Postboost_35-55_ShortForm-LP_NA_Video_Priyanshul-2_050126,Priyanshul,4540,0,Cultural,1-1-Personalization,Free-Class,Named-child,Concept-Clarity,UGC-polished,Mixed,Chicago ka weather abhi kaafi unpredictable chal raha hai.,I'll share the free trial class link with you.,They focus on building concepts rather than rote learning.,High,Hinglish NRI dad-of-Govind frame.
USA_FB_Leads_Conv_Int_Parents_Influencer_Postboost_35-55_ShortForm-LP_NA_Video_Priyanshul_050126,Priyanshul,33374,0,Cultural,1-1-Personalization,Free-Class,Named-child,Concept-Clarity,UGC-polished,Mixed,Chicago ka weather abhi kaafi unpredictable chal raha hai.,I'll share the free trial class link with you.,They focus on building concepts rather than rote learning.,High,Hinglish NRI dad-of-Govind frame.
USA_FB_Leads_Conv_Int_Parents_Influencer_Postboost_35-55_ShortForm_Old-LP_Signup_Video_Ana_150126,Ana,14158,0,Enrichment,Memorization-vs-Understanding,Free-Class,Anonymous,Topic-Algebra,UGC-polished,English,I started using Cuemath for high school prep. My tutor just doesn't give me formulas to memorize.,Do them a favor and book the free trial.,Visual simulations that make advanced algebra and geometry actually make sense.,High,
USA_FB_Leads_Conv_Int_Parents_Influencer_Postboost_35-55_ShortForm_Old-LP_Signup_Video_Anudeep_180226,Anudeep,126485,3,Behavioral-Outcome,Top-Tutors,Try-Cuemath,Anonymous,"Concept-Clarity,Personalization-Gap",UGC-polished,English,"Wow, I never thought the maths would be this good.",There will be a free Cuemath trial class. Try it once.,Personalized online 1-1 classes with top Indian tutors.,High,
USA_FB_Leads_Conv_Int_Parents_Influencer_Postboost_35-55_ShortForm_Old-LP_Signup_Video_Deepthi_180226,Deepthi,94950,1,Behavioral-Outcome,1-1-Personalization,Free-Class,Anonymous,"Confidence,Personalization-Gap",UGC-polished,English,"Look, I solved this math puzzle all by myself and got the right answer.","If you want your child to have that one-on-one attention, book a free trial.",There is no pressure to keep up with the whole class.,High,
USA_FB_Leads_Conv_Int_Parents_Influencer_Postboost_35-55_ShortForm_Old-LP_Signup_Video_Heena_200126,Heena,49238,0,Behavioral-Outcome,1-1-Personalization,Free-Class,Named-child,"Engagement,Concept-Clarity",UGC-polished,English,The math hack every mom needs to know - it changed how my daughter sees math.,Book a trial class.,We started with Cuemath for Aashna. They offer a personalized learning plan.,High,
USA_FB_Leads_Conv_Int_Parents_Influencer_Postboost_35-55_ShortForm_Old-LP_Signup_Video_Jia_300126,Jia,104243,0,Behavioral-Outcome,1-1-Personalization,Recommendation,Anonymous,"Engagement,Foundation",UGC-polished,English,I'm glad that my daughter is finally engaged with something productive.,I can't recommend this enough.,"They're building strong math foundation, playing fun math games.",High,
USA_FB_Leads_Conv_Int_Parents_Influencer_Postboost_35-55_ShortForm_Old-LP_Signup_Video_Keerthi_230126,Keerthi,147258,11,Cultural,Cultural-Relatability,Try-Cuemath,Named-child,"Competition-Prep,Personalization-Gap",UGC-polished,English,As an NRI parent we always have the tension as to where to send for tuition specially for Math.,It is definitely worth it - please give it a try.,They also train for competitive exams like Math Kangaroo and AMC 8.,High,
USA_FB_Leads_Conv_Int_Parents_Influencer_Postboost_35-55_ShortForm_Old-LP_Signup_Video_Keerthi_230126,Keerthi,114487,11,Cultural,Cultural-Relatability,Try-Cuemath,Named-child,"Competition-Prep,Personalization-Gap",UGC-polished,English,As an NRI parent we always have the tension as to where to send for tuition specially for Math.,It is definitely worth it - please give it a try.,They also train for competitive exams like Math Kangaroo and AMC 8.,High,
USA_FB_Leads_Conv_Int_Parents_Influencer_Postboost_35-55_ShortForm_Old-LP_Signup_Video_Priyanshul-2_090126,Priyanshul,25184,0,Cultural,1-1-Personalization,Free-Class,Named-child,Concept-Clarity,UGC-polished,Mixed,Chicago ka weather abhi kaafi unpredictable chal raha hai.,I'll share the free trial class link with you.,They focus on building concepts rather than rote learning.,High,Hinglish NRI dad-of-Govind frame.
USA_FB_Leads_Conv_Int_Parents_Influencer_Postboost_35-55_ShortForm_Old-LP_Signup_Video_Priyanshul-IG-video_280126,Priyanshul,22306,0,Cultural,1-1-Personalization,Free-Class,Named-child,Concept-Clarity,UGC-polished,Mixed,Chicago ka weather abhi kaafi unpredictable chal raha hai.,I'll share the free trial class link with you.,They focus on building concepts rather than rote learning.,High,Hinglish NRI dad-of-Govind frame.
USA_FB_Leads_Conv_Int_Parents_Influencer_Postboost_35-55_ShortForm_Old-LP_Signup_Video_Priyanshul-IG_180226,Priyanshul,33467,0,Cultural,1-1-Personalization,Free-Class,Named-child,Concept-Clarity,UGC-polished,Mixed,Chicago ka weather abhi kaafi unpredictable chal raha hai.,I'll share the free trial class link with you.,They focus on building concepts rather than rote learning.,High,Hinglish NRI dad-of-Govind frame.
USA_FB_Leads_Conv_Int_Parents_Influencer_Postboost_35-55_ShortForm_Old-LP_Signup_Video_Priyanshul_090126,Priyanshul,586,0,Cultural,1-1-Personalization,Free-Class,Named-child,Concept-Clarity,UGC-polished,Mixed,Chicago ka weather abhi kaafi unpredictable chal raha hai.,I'll share the free trial class link with you.,They focus on building concepts rather than rote learning.,High,Hinglish NRI dad-of-Govind frame.
USA_FB_Leads_Conv_Int_Parents_Influencer_Postboost_35-55_ShortForm_Old-LP_Signup_Video_Priyanshul_090126,Priyanshul,157016,0,Cultural,1-1-Personalization,Free-Class,Named-child,Concept-Clarity,UGC-polished,Mixed,Chicago ka weather abhi kaafi unpredictable chal raha hai.,I'll share the free trial class link with you.,They focus on building concepts rather than rote learning.,High,Hinglish NRI dad-of-Govind frame.
USA_FB_Leads_Conv_Int_Parents_Influencer_Postboost_35-55_ShortForm_Old-LP_Signup_Video_Priyanshul_YT_110326,Priyanshul,28421,1,Cultural,1-1-Personalization,Free-Class,Named-child,Concept-Clarity,UGC-polished,Mixed,Chicago ka weather abhi kaafi unpredictable chal raha hai.,I'll share the free trial class link with you.,They focus on building concepts rather than rote learning.,High,Hinglish NRI dad-of-Govind frame.
USA_FB_Leads_Conv_Int_Parents_Influencer_Postboost_35-55_ShortForm_Old-LP_Signup_Video_Shweta_Negi_100226,Shweta Negi,281217,14,Behavioral-Outcome,1-1-Personalization,Try-Cuemath,Anonymous,Concept-Clarity,UGC-polished,English,He's been doing these Cuemath Classes. I love the fact that it's 1:1.,So if you want to see your... try this.,Concepts. He isn't just counting anymore.,High,
USA_FB_Leads_Conv_Int_Parents_Influencer_Postboost_35-55_ShortForm_Old-LP_Signup_Video_Shweta_Negi_100226,Shweta Negi,67961,14,Behavioral-Outcome,1-1-Personalization,Try-Cuemath,Anonymous,Concept-Clarity,UGC-polished,English,He's been doing these Cuemath Classes. I love the fact that it's 1:1.,So if you want to see your... try this.,Concepts. He isn't just counting anymore.,High,
USA_FB_Leads_Conv_Int_Parents_Influencer_Postboost_35-55_ShortForm_Old-LP_Signup_Video_Shweta_Negi_310326,Shweta Negi,211467,5,Behavioral-Outcome,1-1-Personalization,Try-Cuemath,Anonymous,Concept-Clarity,UGC-polished,English,He's been doing these Cuemath Classes. I love the fact that it's 1:1.,So if you want to see your... try this.,Concepts. He isn't just counting anymore.,High,
USA_FB_Leads_Conv_LAL_Enrolled_Signup_Old-LP_35-55_Influencer_NA_Video_Heena_030226,Heena,15708,0,Behavioral-Outcome,1-1-Personalization,Free-Class,Named-child,"Engagement,Concept-Clarity",UGC-polished,English,The math hack every mom needs to know - it changed how my daughter sees math.,Book a trial class.,We started with Cuemath for Aashna. They offer a personalized learning plan.,High,
USA_FB_Leads_Conv_LAL_Enrolled_Signup_Old-LP_35-55_Influencer_NA_Video_Keerthi_030226,Keerthi,163831,2,Cultural,Cultural-Relatability,Try-Cuemath,Named-child,"Competition-Prep,Personalization-Gap",UGC-polished,English,As an NRI parent we always have the tension as to where to send for tuition specially for Math.,It is definitely worth it - please give it a try.,They also train for competitive exams like Math Kangaroo and AMC 8.,High,
USA_FB_Leads_Conv_LAL_Enrolled_Signup_Old-LP_35-55_Influencer_NA_Video_Priyanshul_IG_video_290126,Priyanshul,133921,2,Cultural,1-1-Personalization,Free-Class,Named-child,Concept-Clarity,UGC-polished,Mixed,Chicago ka weather abhi kaafi unpredictable chal raha hai.,I'll share the free trial class link with you.,They focus on building concepts rather than rote learning.,High,Hinglish NRI dad-of-Govind frame.
USA_FB_Leads_Conv_PayU_LAL_New_Audience_Signup_New_BAU_NRI_LP_Influencer_Perf_Edit_2_NA_Video_Influencers_Nidhi_150426,Nidhi,1314,0,Anxiety,Memorization-vs-Understanding,Free-Class,Anonymous,"Foundation,Confidence",UGC-polished,English,This year he will either love math or totally hate it. I wasn't ready to leave it to luck.,Book a free Cuemath trial class today.,Visual tools and logic games that turn abstract concepts into something real.,High,
USA_FB_Leads_Conv_PayU_LAL_New_Audience_Signup_New_BAU_NRI_LP_Influencer_Perf_Edit_2_NA_Video_Influencers_Priyanshul_150426,Priyanshul,21842,0,Cultural,1-1-Personalization,Free-Class,Named-child,Concept-Clarity,UGC-polished,Mixed,Chicago ka weather abhi kaafi unpredictable chal raha hai.,I'll share the free trial class link with you.,They focus on building concepts rather than rote learning.,High,Hinglish NRI dad-of-Govind frame.
USA_FB_Leads_Conv_PayU_LAL_New_Audience_Signup_New_BAU_NRI_LP_Influencer_Perf_Edit_2_NA_Video_Influencers_Sayani_150426,Sayani Roy,904,0,Enrichment,1-1-Personalization,Try-Cuemath,Anonymous,"Foundation,Engagement",UGC-polished,English,She's good with numbers - but I think she has more potential.,"If you have a young kid, this approach is worth checking out.",Not memorising numbers - but understanding what numbers mean and how they work.,High,
USA_FB_Leads_Conv_PayU_LAL_New_Audience_Signup_New_BAU_NRI_LP_Influencer_Perf_Edit_2_NA_Video_Perf_Influencer_Jia_US_250326,Jia,15686,0,Behavioral-Outcome,1-1-Personalization,Recommendation,Anonymous,"Engagement,Foundation",UGC-polished,English,I'm glad that my daughter is finally engaged with something productive.,I can't recommend this enough.,"They're building strong math foundation, playing fun math games.",High,
USA_FB_Leads_Conv_PayU_LAL_New_Audience_Signup_New_BAU_NRI_LP_Influencer_Perf_Edit_2_NA_Video_Perf_Telegu_Influencer_Anudeep_US_250326,Anudeep,12782,0,Behavioral-Outcome,Top-Tutors,Try-Cuemath,Anonymous,"Concept-Clarity,Personalization-Gap",UGC-polished,Telugu,"Wow, I never thought the maths would be this good.",There will be a free Cuemath trial class. Try it once.,Personalized online 1-1 classes with top Indian tutors.,High,
USA_FB_Leads_Conv_PayU_LAL_New_Audience_Signup_New_BAU_NRI_LP_Influencer_Perf_Edit_3_NA_Video_Influencers_Abhilasha_160426,Abhilasha,3122,0,Behavioral-Outcome,1-1-Personalization,Free-Class,Anonymous,"Engagement,Concept-Clarity",UGC-polished,English,"I love a good mom hack, but this one actually changed our everyday routine.",Cuemath even offers a free trial.,He asks questions freely and gets instant feedback. Math time is no longer a struggle.,High,
USA_FB_Leads_Conv_PayU_LAL_New_Audience_Signup_New_BAU_NRI_LP_Influencer_Perf_Edit_3_NA_Video_Influencers_Ana_160426,Ana,193,0,Enrichment,Memorization-vs-Understanding,Free-Class,Anonymous,Topic-Algebra,UGC-polished,English,I started using Cuemath for high school prep. My tutor just doesn't give me formulas to memorize.,Do them a favor and book the free trial.,Visual simulations that make advanced algebra and geometry actually make sense.,High,
USA_FB_Leads_Conv_PayU_LAL_New_Audience_Signup_New_BAU_NRI_LP_Influencer_Perf_Edit_3_NA_Video_Influencers_Jayashree_160426,Jayashree,90511,0,Behavioral-Outcome,1-1-Personalization,Try-Cuemath,Anonymous,Engagement,UGC-polished,English,She actually gets excited to sit at her desk for her Cuemath class.,"If you want your child to enjoy math like this, you should try it.",Her tutor really understands her learning style and keeps math fun.,High,
USA_FB_Leads_Conv_PayU_LAL_New_Audience_Signup_New_BAU_NRI_LP_Influencer_Perf_Edit_3_NA_Video_Influencers_Nidhi_160426,Nidhi,11974,0,Anxiety,Memorization-vs-Understanding,Free-Class,Anonymous,"Foundation,Confidence",UGC-polished,English,This year he will either love math or totally hate it. I wasn't ready to leave it to luck.,Book a free Cuemath trial class today.,Visual tools and logic games that turn abstract concepts into something real.,High,
USA_FB_Leads_Conv_PayU_LAL_New_Audience_Signup_New_BAU_NRI_LP_Influencer_Perf_Edit_3_NA_Video_Influencers_Shubhi_160426,Subhi,869,0,Behavioral-Outcome,Memorization-vs-Understanding,Free-Class,Named-child,"Confidence,Concept-Clarity",UGC-polished,English,My niece used to hate math - but now she teaches me math.,Free trial classes.,"Her tutor focuses on concept first, not speed.",High,Niece Nitya named.
USA_FB_Leads_Conv_PayU_LAL_New_Audience_Signup_New_BAU_NRI_LP_Influencer_Perf_Edit_NA_Video_Influencer_Perf_Edit_Shweta_Negi_250326,Shweta Negi,3943,0,Behavioral-Outcome,1-1-Personalization,Try-Cuemath,Anonymous,Concept-Clarity,UGC-polished,English,He's been doing these Cuemath Classes. I love the fact that it's 1:1.,So if you want to see your... try this.,Concepts. He isn't just counting anymore.,High,
USA_FB_Leads_Conv_PayU_LAL_New_Audience_Signup_New_BAU_NRI_LP_Influencer_Perf_Edit_NA_Video_Influencer_Perf_Twitter_Edit_Heena_250326,Heena,131,0,Behavioral-Outcome,1-1-Personalization,Free-Class,Named-child,"Engagement,Concept-Clarity",UGC-polished,English,The math hack every mom needs to know - it changed how my daughter sees math.,Book a trial class.,We started with Cuemath for Aashna. They offer a personalized learning plan.,High,
USA_FB_Leads_Conv_PayU_LAL_New_Audience_Signup_New_BAU_NRI_LP_Influencer_Perf_Edit_NA_Video_Perf_Influencer_Deepthi_US_250326,Deepthi,54154,0,Behavioral-Outcome,1-1-Personalization,Free-Class,Anonymous,"Confidence,Personalization-Gap",UGC-polished,English,"Look, I solved this math puzzle all by myself and got the right answer.","If you want your child to have that one-on-one attention, book a free trial.",There is no pressure to keep up with the whole class.,High,
USA_FB_Leads_Conv_PayU_LAL_New_Audience_Signup_New_BAU_NRI_LP_Influencer_Perf_Edit_NA_Video_Perf_Telegu_Influencer_Keerthi_US_250326,Keerthi,53884,2,Cultural,Cultural-Relatability,Try-Cuemath,Named-child,"Competition-Prep,Personalization-Gap",UGC-polished,Telugu,As an NRI parent we always have the tension as to where to send for tuition specially for Math.,It is definitely worth it - please give it a try.,They also train for competitive exams like Math Kangaroo and AMC 8.,High,
USA_FB_Leads_Conv_PayU_LAL_New_Audience_Signup_New_BAU_NRI_LP_Influencer_Postboost_VideoJayashree_250426,Jayashree,679,0,Behavioral-Outcome,1-1-Personalization,Try-Cuemath,Anonymous,Engagement,UGC-polished,English,She actually gets excited to sit at her desk for her Cuemath class.,"If you want your child to enjoy math like this, you should try it.",Her tutor really understands her learning style and keeps math fun.,High,
USA_FB_Leads_Conv_PayU_LAL_New_Audience_Signup_New_BAU_NRI_LP_Influencer_Postboost_Video_Ana_250426,Ana,93,0,Enrichment,Memorization-vs-Understanding,Free-Class,Anonymous,Topic-Algebra,UGC-polished,English,I started using Cuemath for high school prep. My tutor just doesn't give me formulas to memorize.,Do them a favor and book the free trial.,Visual simulations that make advanced algebra and geometry actually make sense.,High,
USA_FB_Leads_Conv_PayU_LAL_New_Audience_Signup_New_BAU_NRI_LP_Influencer_Postboost_Video_Anudeep_250426,Anudeep,7747,0,Behavioral-Outcome,Top-Tutors,Try-Cuemath,Anonymous,"Concept-Clarity,Personalization-Gap",UGC-polished,English,"Wow, I never thought the maths would be this good.",There will be a free Cuemath trial class. Try it once.,Personalized online 1-1 classes with top Indian tutors.,High,
USA_FB_Leads_Conv_PayU_LAL_New_Audience_Signup_New_BAU_NRI_LP_Influencer_Postboost_Video_Priyanka_D_250426,Priyanka D,7388,0,Behavioral-Outcome,1-1-Personalization,Free-Class,Anonymous,"Concept-Clarity,Confidence",UGC-polished,English,"Mama, if one apple costs $3, how much would seven apples cost? $21. So easy.",If you want to try out for a free Cuemath trial class.,"His tutor goes at his pace, makes sure he really understand math and focuses on reasoning.",High,
USA_FB_Leads_Conv_PayU_LAL_New_Audience_Signup_New_BAU_NRI_LP_Influencer_Postboost_Video_Seema_250426,Seema,2147,0,Child-diagnosis,1-1-Personalization,Free-Class,Anonymous,"Confidence,Personalization-Gap",UGC-polished,English,Group classes with 20 to 30 kids did not give her the confidence to speak up.,Cuemath is offering one free one-on-one trial class.,"They make her think, explain her reasoning, and really understand the why.",High,
USA_FB_Leads_Conv_PayU_NRI_Audience_Signup_LP_Influencer_Perf_Edit_2_NA_Video_Influencers_Nidhi_150426,Nidhi,18786,0,Anxiety,Memorization-vs-Understanding,Free-Class,Anonymous,"Foundation,Confidence",UGC-polished,English,This year he will either love math or totally hate it. I wasn't ready to leave it to luck.,Book a free Cuemath trial class today.,Visual tools and logic games that turn abstract concepts into something real.,High,
USA_FB_Leads_Conv_PayU_NRI_Audience_Signup_LP_Influencer_Perf_Edit_2_NA_Video_Influencers_Priyanshul_150426,Priyanshul,16224,0,Cultural,1-1-Personalization,Free-Class,Named-child,Concept-Clarity,UGC-polished,Mixed,Chicago ka weather abhi kaafi unpredictable chal raha hai.,I'll share the free trial class link with you.,They focus on building concepts rather than rote learning.,High,Hinglish NRI dad-of-Govind frame.
USA_FB_Leads_Conv_PayU_NRI_Audience_Signup_LP_Influencer_Perf_Edit_2_NA_Video_Influencers_Sayani_150426,Sayani Roy,1209,0,Enrichment,1-1-Personalization,Try-Cuemath,Anonymous,"Foundation,Engagement",UGC-polished,English,She's good with numbers - but I think she has more potential.,"If you have a young kid, this approach is worth checking out.",Not memorising numbers - but understanding what numbers mean and how they work.,High,
USA_FB_Leads_Conv_PayU_NRI_Audience_Signup_LP_Influencer_Perf_Edit_3_NA_Video_Influencers_Abhilasha_160426,Abhilasha,22769,0,Behavioral-Outcome,1-1-Personalization,Free-Class,Anonymous,"Engagement,Concept-Clarity",UGC-polished,English,"I love a good mom hack, but this one actually changed our everyday routine.",Cuemath even offers a free trial.,He asks questions freely and gets instant feedback. Math time is no longer a struggle.,High,
USA_FB_Leads_Conv_PayU_NRI_Audience_Signup_LP_Influencer_Perf_Edit_3_NA_Video_Influencers_Ana_160426,Ana,5837,0,Enrichment,Memorization-vs-Understanding,Free-Class,Anonymous,Topic-Algebra,UGC-polished,English,I started using Cuemath for high school prep. My tutor just doesn't give me formulas to memorize.,Do them a favor and book the free trial.,Visual simulations that make advanced algebra and geometry actually make sense.,High,
USA_FB_Leads_Conv_PayU_NRI_Audience_Signup_LP_Influencer_Perf_Edit_3_NA_Video_Influencers_Jayashree_160426,Jayashree,9102,0,Behavioral-Outcome,1-1-Personalization,Try-Cuemath,Anonymous,Engagement,UGC-polished,English,She actually gets excited to sit at her desk for her Cuemath class.,"If you want your child to enjoy math like this, you should try it.",Her tutor really understands her learning style and keeps math fun.,High,
USA_FB_Leads_Conv_PayU_NRI_Audience_Signup_LP_Influencer_Perf_Edit_3_NA_Video_Influencers_Nidhi_160426,Nidhi,9282,0,Anxiety,Memorization-vs-Understanding,Free-Class,Anonymous,"Foundation,Confidence",UGC-polished,English,This year he will either love math or totally hate it. I wasn't ready to leave it to luck.,Book a free Cuemath trial class today.,Visual tools and logic games that turn abstract concepts into something real.,High,
USA_FB_Leads_Conv_PayU_NRI_Audience_Signup_LP_Influencer_Perf_Edit_3_NA_Video_Influencers_Shubhi_160426,Subhi,731,0,Behavioral-Outcome,Memorization-vs-Understanding,Free-Class,Named-child,"Confidence,Concept-Clarity",UGC-polished,English,My niece used to hate math - but now she teaches me math.,Free trial classes.,"Her tutor focuses on concept first, not speed.",High,Niece Nitya named.
USA_FB_Leads_Conv_PayU_NRI_Audience_Signup_LP_Influencer_Perf_Edit_NA_Video_Influencer_Perf_Edit_Shweta_Negi_250326,Shweta Negi,35339,1,Behavioral-Outcome,1-1-Personalization,Try-Cuemath,Anonymous,Concept-Clarity,UGC-polished,English,He's been doing these Cuemath Classes. I love the fact that it's 1:1.,So if you want to see your... try this.,Concepts. He isn't just counting anymore.,High,
USA_FB_Leads_Conv_PayU_NRI_Audience_Signup_LP_Influencer_Perf_Edit_NA_Video_Influencer_Perf_Twitter_Edit_Heena_090426,Heena,512,0,Behavioral-Outcome,1-1-Personalization,Free-Class,Named-child,"Engagement,Concept-Clarity",UGC-polished,English,The math hack every mom needs to know - it changed how my daughter sees math.,Book a trial class.,We started with Cuemath for Aashna. They offer a personalized learning plan.,High,
USA_FB_Leads_Conv_PayU_NRI_Audience_Signup_LP_Influencer_Perf_Edit_NA_Video_Influencer_Perf_Twitter_Edit_Heena_110426,Heena,859,0,Behavioral-Outcome,1-1-Personalization,Free-Class,Named-child,"Engagement,Concept-Clarity",UGC-polished,English,The math hack every mom needs to know - it changed how my daughter sees math.,Book a trial class.,We started with Cuemath for Aashna. They offer a personalized learning plan.,High,
USA_FB_Leads_Conv_PayU_NRI_Audience_Signup_LP_Influencer_Perf_Edit_NA_Video_Influencer_Perf_Twitter_Edit_Heena_250326,Heena,12238,1,Behavioral-Outcome,1-1-Personalization,Free-Class,Named-child,"Engagement,Concept-Clarity",UGC-polished,English,The math hack every mom needs to know - it changed how my daughter sees math.,Book a trial class.,We started with Cuemath for Aashna. They offer a personalized learning plan.,High,
USA_FB_Leads_Conv_PayU_NRI_Audience_Signup_LP_Influencer_Perf_Edit_NA_Video_Perf_Influencer_Deepthi_US_090426,Deepthi,10616,0,Behavioral-Outcome,1-1-Personalization,Free-Class,Anonymous,"Confidence,Personalization-Gap",UGC-polished,English,"Look, I solved this math puzzle all by myself and got the right answer.","If you want your child to have that one-on-one attention, book a free trial.",There is no pressure to keep up with the whole class.,High,
USA_FB_Leads_Conv_PayU_NRI_Audience_Signup_LP_Influencer_Perf_Edit_NA_Video_Perf_Influencer_Deepthi_US_110426,Deepthi,8519,0,Behavioral-Outcome,1-1-Personalization,Free-Class,Anonymous,"Confidence,Personalization-Gap",UGC-polished,English,"Look, I solved this math puzzle all by myself and got the right answer.","If you want your child to have that one-on-one attention, book a free trial.",There is no pressure to keep up with the whole class.,High,
USA_FB_Leads_Conv_PayU_NRI_Audience_Signup_LP_Influencer_Perf_Edit_NA_Video_Perf_Influencer_Deepthi_US_250326,Deepthi,113521,6,Behavioral-Outcome,1-1-Personalization,Free-Class,Anonymous,"Confidence,Personalization-Gap",UGC-polished,English,"Look, I solved this math puzzle all by myself and got the right answer.","If you want your child to have that one-on-one attention, book a free trial.",There is no pressure to keep up with the whole class.,High,
USA_FB_Leads_Conv_PayU_NRI_Audience_Signup_LP_Influencer_Perf_Edit_NA_Video_Perf_Influencer_Jia_US_090426,Jia,411,0,Behavioral-Outcome,1-1-Personalization,Recommendation,Anonymous,"Engagement,Foundation",UGC-polished,English,I'm glad that my daughter is finally engaged with something productive.,I can't recommend this enough.,"They're building strong math foundation, playing fun math games.",High,
USA_FB_Leads_Conv_PayU_NRI_Audience_Signup_LP_Influencer_Perf_Edit_NA_Video_Perf_Influencer_Jia_US_110426,Jia,636,0,Behavioral-Outcome,1-1-Personalization,Recommendation,Anonymous,"Engagement,Foundation",UGC-polished,English,I'm glad that my daughter is finally engaged with something productive.,I can't recommend this enough.,"They're building strong math foundation, playing fun math games.",High,
USA_FB_Leads_Conv_PayU_NRI_Audience_Signup_LP_Influencer_Perf_Edit_NA_Video_Perf_Influencer_Jia_US_250326,Jia,7232,0,Behavioral-Outcome,1-1-Personalization,Recommendation,Anonymous,"Engagement,Foundation",UGC-polished,English,I'm glad that my daughter is finally engaged with something productive.,I can't recommend this enough.,"They're building strong math foundation, playing fun math games.",High,
USA_FB_Leads_Conv_PayU_NRI_Audience_Signup_LP_Influencer_Perf_Edit_NA_Video_Perf_Telegu_Influencer_Anudeep_US_250326,Anudeep,13398,0,Behavioral-Outcome,Top-Tutors,Try-Cuemath,Anonymous,"Concept-Clarity,Personalization-Gap",UGC-polished,Telugu,"Wow, I never thought the maths would be this good.",There will be a free Cuemath trial class. Try it once.,Personalized online 1-1 classes with top Indian tutors.,High,
USA_FB_Leads_Conv_PayU_NRI_Audience_Signup_LP_Influencer_Perf_Edit_NA_Video_Perf_Telegu_Influencer_Keerthi_US_250326,Keerthi,28065,1,Cultural,Cultural-Relatability,Try-Cuemath,Named-child,"Competition-Prep,Personalization-Gap",UGC-polished,Telugu,As an NRI parent we always have the tension as to where to send for tuition specially for Math.,It is definitely worth it - please give it a try.,They also train for competitive exams like Math Kangaroo and AMC 8.,High,
USA_FB_Leads_Conv_PayU_NRI_Audience_Signup_LP_PLA_Influencer_Perf_Edit_2_NA_Video_Influencers_Nidhi_150426,Nidhi,16173,0,Anxiety,Memorization-vs-Understanding,Free-Class,Anonymous,"Foundation,Confidence",UGC-polished,English,This year he will either love math or totally hate it. I wasn't ready to leave it to luck.,Book a free Cuemath trial class today.,Visual tools and logic games that turn abstract concepts into something real.,High,
USA_FB_Leads_Conv_PayU_NRI_Audience_Signup_LP_PLA_Influencer_Perf_Edit_2_NA_Video_Influencers_Priyanshul_150426,Priyanshul,26165,0,Cultural,1-1-Personalization,Free-Class,Named-child,Concept-Clarity,UGC-polished,Mixed,Chicago ka weather abhi kaafi unpredictable chal raha hai.,I'll share the free trial class link with you.,They focus on building concepts rather than rote learning.,High,Hinglish NRI dad-of-Govind frame.
USA_FB_Leads_Conv_PayU_NRI_Audience_Signup_LP_PLA_Influencer_Perf_Edit_2_NA_Video_Influencers_Sayani_150426,Sayani Roy,2006,0,Enrichment,1-1-Personalization,Try-Cuemath,Anonymous,"Foundation,Engagement",UGC-polished,English,She's good with numbers - but I think she has more potential.,"If you have a young kid, this approach is worth checking out.",Not memorising numbers - but understanding what numbers mean and how they work.,High,
USA_FB_Leads_Conv_PayU_NRI_Audience_Signup_LP_PLA_Influencer_Perf_Edit_3_NA_Video_Influencers_Abhilasha_160426,Abhilasha,12380,0,Behavioral-Outcome,1-1-Personalization,Free-Class,Anonymous,"Engagement,Concept-Clarity",UGC-polished,English,"I love a good mom hack, but this one actually changed our everyday routine.",Cuemath even offers a free trial.,He asks questions freely and gets instant feedback. Math time is no longer a struggle.,High,
USA_FB_Leads_Conv_PayU_NRI_Audience_Signup_LP_PLA_Influencer_Perf_Edit_3_NA_Video_Influencers_Ana_160426,Ana,4110,0,Enrichment,Memorization-vs-Understanding,Free-Class,Anonymous,Topic-Algebra,UGC-polished,English,I started using Cuemath for high school prep. My tutor just doesn't give me formulas to memorize.,Do them a favor and book the free trial.,Visual simulations that make advanced algebra and geometry actually make sense.,High,
USA_FB_Leads_Conv_PayU_NRI_Audience_Signup_LP_PLA_Influencer_Perf_Edit_3_NA_Video_Influencers_Jayashree_160426,Jayashree,162013,0,Behavioral-Outcome,1-1-Personalization,Try-Cuemath,Anonymous,Engagement,UGC-polished,English,She actually gets excited to sit at her desk for her Cuemath class.,"If you want your child to enjoy math like this, you should try it.",Her tutor really understands her learning style and keeps math fun.,High,
USA_FB_Leads_Conv_PayU_NRI_Audience_Signup_LP_PLA_Influencer_Perf_Edit_3_NA_Video_Influencers_Nidhi_160426,Nidhi,2047,0,Anxiety,Memorization-vs-Understanding,Free-Class,Anonymous,"Foundation,Confidence",UGC-polished,English,This year he will either love math or totally hate it. I wasn't ready to leave it to luck.,Book a free Cuemath trial class today.,Visual tools and logic games that turn abstract concepts into something real.,High,
USA_FB_Leads_Conv_PayU_NRI_Audience_Signup_LP_PLA_Influencer_Perf_Edit_3_NA_Video_Influencers_Shubhi_160426,Subhi,1373,0,Behavioral-Outcome,Memorization-vs-Understanding,Free-Class,Named-child,"Confidence,Concept-Clarity",UGC-polished,English,My niece used to hate math - but now she teaches me math.,Free trial classes.,"Her tutor focuses on concept first, not speed.",High,Niece Nitya named.
USA_FB_Leads_Conv_PayU_NRI_Audience_Signup_LP_PLA_Influencer_Perf_Edit_NA_Video_Influencer_Perf_Edit_Shweta_Negi_150426,Shweta Negi,19997,0,Behavioral-Outcome,1-1-Personalization,Try-Cuemath,Anonymous,Concept-Clarity,UGC-polished,English,He's been doing these Cuemath Classes. I love the fact that it's 1:1.,So if you want to see your... try this.,Concepts. He isn't just counting anymore.,High,
USA_FB_Leads_Conv_PayU_NRI_Audience_Signup_LP_PLA_Influencer_Perf_Edit_NA_Video_Influencer_Perf_Twitter_Edit_Heena_150426,Heena,689,0,Behavioral-Outcome,1-1-Personalization,Free-Class,Named-child,"Engagement,Concept-Clarity",UGC-polished,English,The math hack every mom needs to know - it changed how my daughter sees math.,Book a trial class.,We started with Cuemath for Aashna. They offer a personalized learning plan.,High,
USA_FB_Leads_Conv_PayU_NRI_Audience_Signup_LP_PLA_Influencer_Perf_Edit_NA_Video_Perf_Influencer_Deepthi_US_150426,Deepthi,12206,0,Behavioral-Outcome,1-1-Personalization,Free-Class,Anonymous,"Confidence,Personalization-Gap",UGC-polished,English,"Look, I solved this math puzzle all by myself and got the right answer.","If you want your child to have that one-on-one attention, book a free trial.",There is no pressure to keep up with the whole class.,High,
USA_FB_Leads_Conv_PayU_NRI_Audience_Signup_LP_PLA_Influencer_Perf_Edit_NA_Video_Perf_Telegu_Influencer_Keerthi_US_150426,Keerthi,109048,1,Cultural,Cultural-Relatability,Try-Cuemath,Named-child,"Competition-Prep,Personalization-Gap",UGC-polished,Telugu,As an NRI parent we always have the tension as to where to send for tuition specially for Math.,It is definitely worth it - please give it a try.,They also train for competitive exams like Math Kangaroo and AMC 8.,High,
USA_FB_Leads_Conv_PayU_NRI_Audience_Signup_Old-LP_35-55_Influencer_Videos_NA_Video_Keerthi_250326,Keerthi,28561,0,Cultural,Cultural-Relatability,Try-Cuemath,Named-child,"Competition-Prep,Personalization-Gap",UGC-polished,English,As an NRI parent we always have the tension as to where to send for tuition specially for Math.,It is definitely worth it - please give it a try.,They also train for competitive exams like Math Kangaroo and AMC 8.,High,
USA_FB_Leads_Conv_PayU_NRI_Audience_Signup_Old-LP_35-55_Influencer_Videos_NA_Video_Priyanshul_250326,Priyanshul,62036,1,Cultural,1-1-Personalization,Free-Class,Named-child,Concept-Clarity,UGC-polished,Mixed,Chicago ka weather abhi kaafi unpredictable chal raha hai.,I'll share the free trial class link with you.,They focus on building concepts rather than rote learning.,High,Hinglish NRI dad-of-Govind frame.
USA_FB_Leads_Conv_PayU_NRI_Audience_Signup_Old-LP_35-55_Influencer_Videos_NA_Video_Video_Shalini_Inhouse_Edit_250326,Shalini,14252,0,Academic-Outcome,Memorization-vs-Understanding,Try-Cuemath,Anonymous,"Confidence,Concept-Clarity",UGC-polished,English,"Mama, I got 100 on my math test.",Cuemath is definitely worth trying.,They focus on understanding concepts instead of memorizing formulas.,High,
USA_FB_Leads_Conv_PayU_NRI_Audience_Signup_Old-LP_35-55_Influencer_Videos_NA_Video_Video_Shweta_Negi_250326,Shweta Negi,24445,1,Behavioral-Outcome,1-1-Personalization,Try-Cuemath,Anonymous,Concept-Clarity,UGC-polished,English,He's been doing these Cuemath Classes. I love the fact that it's 1:1.,So if you want to see your... try this.,Concepts. He isn't just counting anymore.,High,
USA_FB_Leads_Conv_Telugu_Advantage_Audience_Signup_LP_NA_Video_Telugu_Testimonial_Deepthi_260326,Deepthi,4657,0,Behavioral-Outcome,1-1-Personalization,Free-Class,Anonymous,"Confidence,Personalization-Gap",UGC-polished,Telugu,"Look, I solved this math puzzle all by myself and got the right answer.","If you want your child to have that one-on-one attention, book a free trial.",There is no pressure to keep up with the whole class.,High,
USA_FB_Leads_Conv_Telugu_Expats_35-55_LeadGen_NA_Video_Perf_Telegu_Influencer_Anudeep_US_200426,Anudeep,8812,0,Behavioral-Outcome,Top-Tutors,Try-Cuemath,Anonymous,"Concept-Clarity,Personalization-Gap",UGC-polished,Telugu,"Wow, I never thought the maths would be this good.",There will be a free Cuemath trial class. Try it once.,Personalized online 1-1 classes with top Indian tutors.,High,
USA_FB_Leads_Conv_Telugu_Expats_35-55_LeadGen_NA_Video_Perf_Telegu_Influencer_Keerthi_US_200426,Keerthi,106681,0,Cultural,Cultural-Relatability,Try-Cuemath,Named-child,"Competition-Prep,Personalization-Gap",UGC-polished,Telugu,As an NRI parent we always have the tension as to where to send for tuition specially for Math.,It is definitely worth it - please give it a try.,They also train for competitive exams like Math Kangaroo and AMC 8.,High,
USA_FB_Leads_Conv_Telugu_Expats_NRI_Audience_Signup_LP_NA_Video_Telugu_Testimonial_Deepthi_260326,Deepthi,2518,0,Behavioral-Outcome,1-1-Personalization,Free-Class,Anonymous,"Confidence,Personalization-Gap",UGC-polished,Telugu,"Look, I solved this math puzzle all by myself and got the right answer.","If you want your child to have that one-on-one attention, book a free trial.",There is no pressure to keep up with the whole class.,High,
USA_FB_Leads_Conv_Telugu_Language_Hard_Targeting_35-55_LeadGen_NA_Video_Perf_Telegu_Influencer_Anudeep_US_200426,Anudeep,16973,0,Behavioral-Outcome,Top-Tutors,Try-Cuemath,Anonymous,"Concept-Clarity,Personalization-Gap",UGC-polished,Telugu,"Wow, I never thought the maths would be this good.",There will be a free Cuemath trial class. Try it once.,Personalized online 1-1 classes with top Indian tutors.,High,
USA_FB_Leads_Conv_Telugu_Language_Hard_Targeting_35-55_LeadGen_NA_Video_Perf_Telegu_Influencer_Keerthi_US_200426,Keerthi,36625,0,Cultural,Cultural-Relatability,Try-Cuemath,Named-child,"Competition-Prep,Personalization-Gap",UGC-polished,Telugu,As an NRI parent we always have the tension as to where to send for tuition specially for Math.,It is definitely worth it - please give it a try.,They also train for competitive exams like Math Kangaroo and AMC 8.,High,
USA_PFX_FB_Leads-Conv_NA_Int-Expats-Gujarati_LeadGen_NA_Video_Gujarati-Testimonial-Nidhi-Shah-021225,Nidhi,12157,0,Anxiety,Memorization-vs-Understanding,Free-Class,Anonymous,"Foundation,Confidence",UGC-polished,Gujarati,This year he will either love math or totally hate it. I wasn't ready to leave it to luck.,Book a free Cuemath trial class today.,Visual tools and logic games that turn abstract concepts into something real.,High,
USA_PFX_FB_Leads-Conv_NA_Int-Expats-Gujarati_LeadGen_NA_Video_Gujarati-Testimonial-Nidhi-Shah-021225,Nidhi,2901,0,Anxiety,Memorization-vs-Understanding,Free-Class,Anonymous,"Foundation,Confidence",UGC-polished,Gujarati,This year he will either love math or totally hate it. I wasn't ready to leave it to luck.,Book a free Cuemath trial class today.,Visual tools and logic games that turn abstract concepts into something real.,High,
USA_PFX_FB_Leads-Conv_NA_Int-Expats-Telugu_LeadGen_NA_Video_Testimonial-Deepthi-31s-Telugu_111125,Deepthi,54675,3,Behavioral-Outcome,1-1-Personalization,Free-Class,Anonymous,"Confidence,Personalization-Gap",UGC-polished,Telugu,"Look, I solved this math puzzle all by myself and got the right answer.","If you want your child to have that one-on-one attention, book a free trial.",There is no pressure to keep up with the whole class.,High,
USA_PFX_FB_Leads-Conv_NA_Int-Expats-Telugu_LeadGen_NA_Video_Testimonial-Deepthi-31s-Telugu_111125,Deepthi,31781,3,Behavioral-Outcome,1-1-Personalization,Free-Class,Anonymous,"Confidence,Personalization-Gap",UGC-polished,Telugu,"Look, I solved this math puzzle all by myself and got the right answer.","If you want your child to have that one-on-one attention, book a free trial.",There is no pressure to keep up with the whole class.,High,
USA_PFX_FB_Leads-Conv_NA_Int-Expats-Telugu_LeadGen_NA_Video_Testimonial-Deepthi-31s-Telugu_111125,Deepthi,126409,3,Behavioral-Outcome,1-1-Personalization,Free-Class,Anonymous,"Confidence,Personalization-Gap",UGC-polished,Telugu,"Look, I solved this math puzzle all by myself and got the right answer.","If you want your child to have that one-on-one attention, book a free trial.",There is no pressure to keep up with the whole class.,High,
USA_PFX_FB_Leads-Conv_NA_Int_Influencer-Postboost_ShortForm-LP_NA_Video_Priyanshul_250925,Priyanshul,74342,0,Cultural,1-1-Personalization,Free-Class,Named-child,Concept-Clarity,UGC-polished,Mixed,Chicago ka weather abhi kaafi unpredictable chal raha hai.,I'll share the free trial class link with you.,They focus on building concepts rather than rote learning.,High,Hinglish NRI dad-of-Govind frame.
USA_PFX_FB_Leads-Conv_NA_Int_Influencer-Postboost_ShortForm-LP_NA_Video_Priyanshul_250925,Priyanshul,11866,0,Cultural,1-1-Personalization,Free-Class,Named-child,Concept-Clarity,UGC-polished,Mixed,Chicago ka weather abhi kaafi unpredictable chal raha hai.,I'll share the free trial class link with you.,They focus on building concepts rather than rote learning.,High,Hinglish NRI dad-of-Govind frame.
USA_PFX_FB_Leads-Conv_NA_Int_Influencer-_ShortForm-LP_NA_Video_Priyanshul-2_031125,Priyanshul,126463,0,Cultural,1-1-Personalization,Free-Class,Named-child,Concept-Clarity,UGC-polished,Mixed,Chicago ka weather abhi kaafi unpredictable chal raha hai.,I'll share the free trial class link with you.,They focus on building concepts rather than rote learning.,High,Hinglish NRI dad-of-Govind frame.
USA_PFX_FB_Leads-Conv_NA_Int_Influencer-_ShortForm-LP_NA_Video_Priyanshul-2_031125,Priyanshul,8655,0,Cultural,1-1-Personalization,Free-Class,Named-child,Concept-Clarity,UGC-polished,Mixed,Chicago ka weather abhi kaafi unpredictable chal raha hai.,I'll share the free trial class link with you.,They focus on building concepts rather than rote learning.,High,Hinglish NRI dad-of-Govind frame.
USA_PFX_FB_Leads-Conv_NRI-States_Int-Languages-Telugu_LeadGen_NA_Video_Testimonial-Deepthi-31s-Telugu_111125,Deepthi,7435,0,Behavioral-Outcome,1-1-Personalization,Free-Class,Anonymous,"Confidence,Personalization-Gap",UGC-polished,Telugu,"Look, I solved this math puzzle all by myself and got the right answer.","If you want your child to have that one-on-one attention, book a free trial.",There is no pressure to keep up with the whole class.,High,
USA_PFX_FB_Leads_Conv_Advantage+Audience_Telugu_LeadGen_NA_Video_Testimonial-Deepthi-31s-Telugu_111125,Deepthi,24735,0,Behavioral-Outcome,1-1-Personalization,Free-Class,Anonymous,"Confidence,Personalization-Gap",UGC-polished,Telugu,"Look, I solved this math puzzle all by myself and got the right answer.","If you want your child to have that one-on-one attention, book a free trial.",There is no pressure to keep up with the whole class.,High,
USA_PFX_FB_Leads_Conv_Int_Influencer_Advantage_ShortForm-LP_NA_Video_Priyanshul-2_041125,Priyanshul,18555,0,Cultural,1-1-Personalization,Free-Class,Named-child,Concept-Clarity,UGC-polished,Mixed,Chicago ka weather abhi kaafi unpredictable chal raha hai.,I'll share the free trial class link with you.,They focus on building concepts rather than rote learning.,High,Hinglish NRI dad-of-Govind frame.
USA_PFX_FB_Leads_Conv_Int_Influencer_Advantage_ShortForm-LP_NA_Video_Priyanshul_041125,Priyanshul,231251,0,Cultural,1-1-Personalization,Free-Class,Named-child,Concept-Clarity,UGC-polished,Mixed,Chicago ka weather abhi kaafi unpredictable chal raha hai.,I'll share the free trial class link with you.,They focus on building concepts rather than rote learning.,High,Hinglish NRI dad-of-Govind frame.
USA_PFX_FB_Leads_Conv_LAL_0-2%_Engaged_NA_Video_Priyanshul-2_060326,Priyanshul,3473,0,Cultural,1-1-Personalization,Free-Class,Named-child,Concept-Clarity,UGC-polished,Mixed,Chicago ka weather abhi kaafi unpredictable chal raha hai.,I'll share the free trial class link with you.,They focus on building concepts rather than rote learning.,High,Hinglish NRI dad-of-Govind frame.
USA_PFX_FB_Leads_Conv_LAL_0-2%_Engaged_NA_Video_Priyanshul_060326,Priyanshul,37008,0,Cultural,1-1-Personalization,Free-Class,Named-child,Concept-Clarity,UGC-polished,Mixed,Chicago ka weather abhi kaafi unpredictable chal raha hai.,I'll share the free trial class link with you.,They focus on building concepts rather than rote learning.,High,Hinglish NRI dad-of-Govind frame.
USA_PFX_FB_Leads_Conv_LAL_0-2%_Engaged_NA_Video_Priyanshul_170326,Priyanshul,67261,0,Cultural,1-1-Personalization,Free-Class,Named-child,Concept-Clarity,UGC-polished,Mixed,Chicago ka weather abhi kaafi unpredictable chal raha hai.,I'll share the free trial class link with you.,They focus on building concepts rather than rote learning.,High,Hinglish NRI dad-of-Govind frame.
USA_PFX_FB_Leads_Conv_LAL_0-2%_Engaged_NA_Video_Priyanshul_IG_060326,Priyanshul,848,0,Cultural,1-1-Personalization,Free-Class,Named-child,Concept-Clarity,UGC-polished,Mixed,Chicago ka weather abhi kaafi unpredictable chal raha hai.,I'll share the free trial class link with you.,They focus on building concepts rather than rote learning.,High,Hinglish NRI dad-of-Govind frame.
USA_PFX_FB_Leads_Conv_LAL_0-2%_Engaged_Priyanshul-2_031125,Priyanshul,73050,2,Cultural,1-1-Personalization,Free-Class,Named-child,Concept-Clarity,UGC-polished,Mixed,Chicago ka weather abhi kaafi unpredictable chal raha hai.,I'll share the free trial class link with you.,They focus on building concepts rather than rote learning.,High,Hinglish NRI dad-of-Govind frame.
USA_PFX_FB_Leads_Conv_LAL_0-2%_Engaged_Priyanshul_131025,Priyanshul,387349,5,Cultural,1-1-Personalization,Free-Class,Named-child,Concept-Clarity,UGC-polished,Mixed,Chicago ka weather abhi kaafi unpredictable chal raha hai.,I'll share the free trial class link with you.,They focus on building concepts rather than rote learning.,High,Hinglish NRI dad-of-Govind frame.
USA_PFX_FB_Leads_Conv_LAL_0-2%_Engaged_Priyanshul_IG_video_290126,Priyanshul,556831,14,Cultural,1-1-Personalization,Free-Class,Named-child,Concept-Clarity,UGC-polished,Mixed,Chicago ka weather abhi kaafi unpredictable chal raha hai.,I'll share the free trial class link with you.,They focus on building concepts rather than rote learning.,High,Hinglish NRI dad-of-Govind frame.
USA_PFX_FB_Leads_Conv_LAL_0-2%_Engaged_Video_Priyanshul_IG_180226,Priyanshul,219023,0,Cultural,1-1-Personalization,Free-Class,Named-child,Concept-Clarity,UGC-polished,Mixed,Chicago ka weather abhi kaafi unpredictable chal raha hai.,I'll share the free trial class link with you.,They focus on building concepts rather than rote learning.,High,Hinglish NRI dad-of-Govind frame.
