label,notion_id,notion_title
Mohit Kukreja,2878897caec7807ab6b4d7480faa138d,Mohit Kukreja Australia Testimonial
Lakshmi,2f18897caec780bc9300c898b1589eb0,K-2 Testimonial Lakshmi Anusha
Shalini Dropati,3068897caec7803ab456e4b532061486,English Testimonial Shalini Dropati
Likita Grade 2,3268897caec780d6befaf6a4014c3c23,English Testimonial Grade 2 Likita
AI Math Kangaroo,3148897caec7805985add806bbf40eb4,AI Video Math Kangaroo
AI High School,3148897caec780448dfac81e9d71577c,AI Video High School
AI Arya,30d8897caec78080beceec33689a17a9,AI Video Arya
AI MathFit,3068897caec780efa04af3fa413b046a,AI Video MathFit
Madhavi HS Christmas,2c68897caec780008790f743dbfcfeee,High School Testimonial Madhavi
Manan Sir SAT Prep,2e38897caec780ae91a1fdad4e3c2e4a,High School SAT Prep
Strong Foundations Chinese,32f8897caec7809fb096d641ec1e4d6f,AI Video Asian Strong Foundation
India Best Math Tutors,2f18897caec78088ada4dadb3ff74638,NRI Contextual Statics
Color Their Future Holi,3098897caec780baba52f8addc01c5d0,Holi 2026
Top Indian Tutors,2f18897caec78088ada4dadb3ff74638,NRI Contextual Statics
Priyanshul IG,3298897caec78055a4c0ef9bb222b588,Influencer Edit Priyanshul IG
Keerthi Telugu,3288897caec7803c92d9de56e58c4571,Perf Telegu Influencer Keerthi US
