title_slug,page_id
ai video arya,30d8897caec78080beceec33689a17a9
ai video asian strong foundation,32f8897caec7809fb096d641ec1e4d6f
ai video every child can become mathfit asian,3378897caec780f6bbdced3b098b0886
ai video futuristic,30d8897caec780fe89ceeb82db19258a
ai video high school,3148897caec780448dfac81e9d71577c
ai video math confidence,2f18897caec780398575de8a2af86582
ai video math kangaroo,3148897caec7805985add806bbf40eb4
ai video mathfit,3068897caec780efa04af3fa413b046a
ai video mia,30d8897caec780d3bf40ce8242331725
ai video staar prep,3308897caec780619bcbe5eda22a0856
ai video us nri math foundation,3308897caec7801e8370d59efd9395f3
alev influencer perf cut,33e8897caec78097824dc572a6c922f3
amc 8 staar creatives,3208897caec78076b52dce6abe32c9da
amc8 ai video,3308897caec780c1bf14c7d098a4e929
apac creative sets week 4 feb,3108897caec78018b4b4e25755d6ab7a
apac creatives week 1 march 26,3178897caec7800fb9fee67cbe83ef73
asian adapts testimonial adapts for apac,3048897caec78043bed1d54eea70192a
asian ai video script 13,33e8897caec780b0a45adb228ece360c
asian ai video script 14,33e8897caec78072a6cbfeed3ebc7712
asian creatives week 3 feb,30b8897caec7804fa863ed0856789bc3
asian mandarin script 13,3458897caec780e19db0ee9dcb5a4e41
asian mandarin script 9,3458897caec7809c9fcacafd0b5fce18
asian trustpilot video,33e8897caec780f5aa2ec1195eaa074e
aus year 6 naplan daphne venkatesh testimonial,3228897caec7807fbc81d82c16e5a822
australia day creatives jan 2026,2e88897caec78056b601c6b50f0120a1
australia persona vise creatives,2ea8897caec780918d10c387002de9cd
australia social video multiplication,2f08897caec780dc86cfcc87c2a0485f
australia tamil statics,30c8897caec7808ea082ce1f6a2d262a
australia testimonial recording english robin wife,2ef8897caec780c6bfe0f912e246a811
australia vernac creatives telugu tamil,3028897caec780bd97bbc97630c8b093
busy mom brand film,2f18897caec78019b9a5d627b365789a
canada creatives,2e38897caec78057954bea9a9fcab6be
creatives with international ethnicities for australia oct 25,29b8897caec78012bee5e3bb70a72c70
credibility video stanford study,32c8897caec780e2a09ac34ac7d12c2c
cuemath interview welcome video,33e8897caec780559e77c2dbe5e92046
cwc videos,3068897caec7807e89afc2535e6de65f
english parent sushma chippa testimonial,30d8897caec78073af20c72adbb90e74
english shoot video tamil,2e88897caec78001aa37c73567e8b9a8
english shoot video telugu script,2df8897caec7805d9635cffeac4cf9af
english sindhu gowri testimonial,30d8897caec780019de7c39e9ed2edd5
english testimonial abhishek sharma,3148897caec780509626cbf9a3f987b4
english testimonial anandi dhaval patel,3068897caec7804d98e2c2c31336bda2
english testimonial anushree jain,3068897caec780349d64cfc962733edd
english testimonial aurelia ramos non nri,2ef8897caec780dd9f77f4f033244b98
english testimonial aus naplan karthik krithika,32f8897caec780279df0c50226b17966
english testimonial aus naplan shobhna year 6,32f8897caec78098b98ef06c2c2d0759
english testimonial aus urvee somaiya,3228897caec7800b9b1bc4f70821bbf9
english testimonial grade 2 likita,3268897caec780d6befaf6a4014c3c23
english testimonial jyoti sharma grade 2,3258897caec7804b9155cd55ac1680b4
english testimonial k 2 adapts for apac lakshmi anusha deepa nair,2ff8897caec78099839ac770ede2de64
english testimonial keerthana,3098897caec780ed86c4f0ca7293d5cc
english testimonial megha ripul grade 7,3298897caec7802299c2f39964ad7c46
english testimonial minal patel,30b8897caec780b3bae4fe059426b620
english testimonial pradeep 7th grade,32f8897caec7800cb0bbd258caaec1ec
english testimonial pushpa grade 1 us,3288897caec7808a9a88fbc19f4bc1bc
english testimonial rishva patel,3068897caec7805e95fcf03083166cb9
english testimonial sanjit mandal grade 11,3268897caec78067babeef54bf406409
english testimonial saurabh grade 1,3288897caec780ad96b6ef6d3df1068a
english testimonial shalini dropati,3068897caec7803ab456e4b532061486
english testimonial shashi singh 6th grade,31b8897caec78010875dfd3649509340
english testimonial shilpa mohapatra,3138897caec780c787d5f11e60662560
english testimonial silvia cutinho,2ff8897caec780ebafdde56118814e6a
english testimonial studio shoot,2ff8897caec780da8b9df5974c685f12
english testimonial swati tirpathi,2f18897caec780ca8726cb40e59ddf81
english testimonial video australia recording,2de8897caec780779c60cfe63bcfe799
english testimonial vishal sharma naplan,3148897caec78012baaaf17b77aca7d1
english testimonial vivek sharma grade 5 grade 2,3268897caec78019abfbcbf580c5dea4
exam focused creatives for india jan26,2e18897caec7806aa353cc0bcb1a4dec
gujarati shoot video with w o xmas badge,2c68897caec780b2af8dc6b6b9a99d9b
gujarati statics,2f18897caec780ea9818d932253f865e
gujarati testimonial anandi patel,2ff8897caec7807c92bdfeb7362fd93e
gujarati testimonial dimple,2e88897caec78061a60bde9d3ac429e3
gujarati testimonial kinjal gandhi,2de8897caec7802394a9c12b0185d298
gujarati testimonial maulick zatakia,2e18897caec780248f72f22dbbeaa1e6
gujarati testimonial mona vora,2f18897caec78004b4e0fc450238b537
gujarati testimonial nisha,2e88897caec780e68d62f8376e7905b2
gujarati testimonial pooja tilva,2f18897caec780419a86dfbe7ff8152c
gujarati testimonial rishva patel,3068897caec780a29596cba273a4568a
gujarati testimonial urvi adeshra,2c68897caec780258a28cb222005b66c
hero 4 cut asian version,3308897caec780bbb2f6f87c5d33b863
high school creatives week 3 feb,30a8897caec78044829dcaff5fe1b456
high school sat prep,2e38897caec780ae91a1fdad4e3c2e4a
high school statics,2e88897caec780fda0b6d91c5f411c42
high school testimonial chetan patel,2de8897caec7802bb03fc1906c1f7adc
high school testimonial deshna,2ea8897caec7809483cae5b274aeb3aa
high school testimonial gomathy kanan,3148897caec780eb82f0e5f41cc8e338
high school testimonial lissa shihab,3068897caec780aaab59f4f69d998663
high school testimonial madhavi with w o xmas badge,2c68897caec780008790f743dbfcfeee
high school testimonial mona agarwal,30b8897caec780e1a821d33f1238c482
high school testimonial mona vora,2f18897caec780c9aca3db38423aad3b
high school testimonial pooja vir,30b8897caec7803da1b0e29177db327d
high school testimonial sathish,2e38897caec7802a86ecf097415e9088
high school testimonial varun with w o xmas badge,2c68897caec7807cbcfcfe8e07b521b9
high school trustpilot video,33e8897caec7807c95d5ce3103736cb5
holi 2026,3098897caec780baba52f8addc01c5d0
how do cuemath classes work,2ea8897caec780e1975df4532d08ea57
ib india product video,32f8897caec780c28bd3d59d2bc7d281
ib mea creatives,2e18897caec78067a394d39d685bc71c
ib testimonial goutham revised,3068897caec780d5aea8f5288cfbacb0
ib testimonial kamala,2ef8897caec780c4abfbfd22daad8135
ib testimonial madhavi,2c78897caec780d7811ac962b16e10ac
ib testimonial sachin palav,3068897caec78090bf02f132a530dc7f
india creatives,3218897caec780bf8f19fe28b6ea64f6
india ib creatives,3068897caec780ef9075f78a15469c52
india pricing creatives,2ff8897caec78038ac0af1e8dac1e26d
influencer abhilasha perf cut,33e8897caec780feae1ffbe65bb300f3
influencer ana,2ea8897caec7802a9853d005b3a1eb77
influencer ana perf cut,33e8897caec780a0a466f128ea727cf4
influencer bisma perf cut,33e8897caec780f6a451e8528a18fc38
influencer damla,2ea8897caec780a0a19dcc0fd53aefec
influencer edit priyanshul ig,3298897caec78055a4c0ef9bb222b588
influencer heena,2f18897caec780ba841ae692533b2a47
influencer jugnu perf cut,3458897caec78023a042d31457627943
influencer ona,2ea8897caec78053a5e7ee8cb12e2b9d
influencer perf edit priyanka d,3308897caec7805d9173c500b9a94b8c
influencer perf edit sahar,3308897caec780fd891cc92d03a797ee
influencer sarita,2f18897caec7802fa9dad559f9b5848b
influencer sayani roy perf cut,33e8897caec780da8cb9ee27ccaa15f9
influencer seema perf cut,3458897caec7809c92ffd31028863af6
influencer shubhi perf cut,33e8897caec780df908bc702fe5c467e
influencer shweta,2f18897caec780f5ab83d628a6015c11
influencer us,3188897caec78049b0d6eacd1b24253a
influencers aus,2ff8897caec78000b383f83150f5610c
influencers montage,3228897caec7802e983affae6e266f35
jayashree influencer perf cut,33e8897caec7805fad5fd63c066e49a3
k 2 3 5 creatives week 2 march,3208897caec7808ba173c2754520835d
k 2 creatives,2e68897caec7803195c1fecf2e40c464
k 2 english testimonial dr k ganesh,3148897caec780929bf2d63a4b3fda37
k 2 english testimonial pooja tilva,3148897caec780ff9204ec23dc49c4ae
k 2 testimonial chirag gupta,30b8897caec780b8be8dd27843dd161f
k 2 testimonial deepa nair,2ea8897caec7803aa331c2d6bf3029ce
k 2 testimonial lakshmi anusha,2f18897caec780bc9300c898b1589eb0
k 2 testimonial tripura shankar,30b8897caec7806cbdf0f96d4a571293
kids rapid fire centre shoot,3298897caec7803bbed9d10abd624ab2
location specific creatives australia feb 2026,3028897caec7803db4b3e1c2765913d0
malayalam testimonial anoop chandran,2f78897caec780558316d4e3f49e514b
manish english testimonial australia recording,2d58897caec78068a465faedc2d7d7a7
manish nandeesh telugu testimonial,2f78897caec7803a895ee9ec2c3abd25
math kangaroo amc 8 combo,2dc8897caec7805b994dfd8845fd4792
math kangaroo product video,3228897caec780558a54d72b0736734d
math olympiad ind product video,3378897caec78094882ec162d6837942
math problem video,2e38897caec780cb8531ff5f25f3ead6
mathfit copies,3028897caec780409ce8eb0b478db72e
mathfit eval video 1,2e38897caec78013a33ee0a7918adc36
mathfit eval video 2,2e98897caec780ecb6cbc31d6d8f93a7
mea creative tweaks,2bf8897caec780a597c3c88620a15c24
mea curriculum creatives,2fe8897caec780aca10ee11f68fe21c5
mea pricing creatives,2bd8897caec780e5aeccf2bfeee061b2
mea pricing led creatives,2f08897caec7809296d8f2c0731ce3b7
naplan creatives,2ea8897caec7807797ebe06d6dd1559a
naplan product video static based,32f8897caec7808bbacef29bdcf254a6
naplan review video static based,3298897caec7800593f2df96b4192df8
naplan selective school prep product,3308897caec780168836c5a2623d50b3
naplan urgency creatives anz jan 2026,2d58897caec78004bf5cc99416250587
new hero video 04 mathfit version,31b8897caec78033a57be374a4102ac7
new hero video 4,2dc8897caec78003abebd3bee971d7cc
new term creatives anz dec25,2c38897caec780c1a801dc85d48479c6
new year creatives,2ca8897caec780c0981acbf4d92ef9b9
new zealand creatives,2f58897caec780e9935cd6d8338d44c4
nidhi influencer perf cut,33e8897caec7808e94b9ca1d98a506f6
non nri english testimonial nazgul,2e38897caec7806ebbcbe39fb0328ed8
nri contextual statics,2f18897caec78088ada4dadb3ff74638
nri contextual statics week 3 feb,30c8897caec780fa9e05fbdcbb73dcc5
offline vs online,28d8897caec780669aeaccc0e6c12e2b
perf cut shweta negi,3228897caec7808f9fa3c733635efc8a
perf edit influencer deepthi,3258897caec78096abe1f827608afaba
perf influencer edit jia,3288897caec78082b587d4c25e3d3e38
perf telegu influencer anudeep us,3288897caec780bbbfbcc2a0baa0f634
perf telegu influencer keerthi us,3288897caec7803c92d9de56e58c4571
perf twitter edit heena,3228897caec780d2809de45ea1f4c0fb
pongal sankranti creatives,2e18897caec780bd951ce835de42deaa
pricing led creatives,2e68897caec78020ab34d67867ff9f82
priyanshul influencer perf edit,33e8897caec780a9b4f2eb7a3773cd78
product video amc8 static based,3288897caec78024b45bf8101d6b0f53
proven results video,3068897caec78067bc73d6e15a4b5fa5
quirky static 2 offline online style in question mark format,2bd8897caec7803984b8e9d1caea7ddf
quirky statics,28b8897caec78082a6cbd766aace6c25
republic day creatives,2de8897caec780acab62e8241aa90e55
selective test creatives aus feb 2026,3068897caec780d499f2c247448dbf97
singapore ib creatives,30c8897caec7800787feec63f903b8eb
social fraction revised,30d8897caec780a4af8afde39b21fa97
static testimonial week 3 march,3258897caec780f8810bf05f6b70cd4e
taboola native creatives lead gen us,2e18897caec780edbcb9f122150e1e4d
tamil shoot video,2e28897caec780de964ec4a5fb125f49
tamil statics,2f18897caec7800a814fc4ed38714d06
tamil statics week 3 feb,30c8897caec780e098e1ffa457ebd820
tamil testimonial divyata shekar,2ff8897caec7809a909ad6ce256240e9
tamil testimonial kaviya g,3128897caec7806ebec8cd9b44aff157
tamil testimonial kiruthika,2e88897caec780ffb0feea31143a398e
tamil testimonial narayanan r,2f18897caec780babf74e8d7b6751d94
tamil testimonial poorani gunasekaran,2de8897caec7800f8796e0c8a63d7539
tamil testimonial punitha sampath,3128897caec78037a64ffd821d479170
tamil testimonial radhika iyer,2f18897caec7805c8e12fbf72d73f99d
tamil testimonial rajagopal bakthavachalam,2e88897caec7805ea30cde9eed713e5e
tamil testimonial saranya,3068897caec780c1a612e5d9eba374a7
tamil testimonial sathish,2ff8897caec78004926ac56462ca7f39
tamil testimonial sharmila 7th grade,3308897caec780869cebe64974e0c700
tamil testimonial vanee subramanian,2df8897caec780b0bfb9c4f8cef315a0
telegu testimonial madhavi 2,3148897caec78059b3ead946c5107d51
telegu testimonial srinivasa bandaru 2,3128897caec78008b698cc6799430523
telegu testimonial venkat chadalawada,3068897caec7800a8a44dc96b7a57a04
telegu testimonial yakub reddy grade 5,3308897caec780d49316eaad399c0861
telugu k 2 testimonial bhavna mallika arjuna,3308897caec78010a503d20810b3fd3a
telugu parent rajanikanth testimonial grade 6,3308897caec7806f9dd3e7d4ea2427d1
telugu shoot video with and w o xmas badge,2c78897caec7800ca75dd4dab1662552
telugu static week 3 feb,30c8897caec7805193a4e9178bfd481a
telugu statics,2e08897caec78071a55deb6b7c971855
telugu testimonial deepthi,2e28897caec78030a82dce087d97b9a3
telugu testimonial high school raju grade 7,3308897caec7800c984df41a1973f9fa
telugu testimonial kamala,2e38897caec780a48feddc47595b85f3
telugu testimonial lakshmi,2f18897caec7804f836eeea2d7c5391e
telugu testimonial pranitha reddy with w o christmas badge,2c78897caec78029af7eda0526429c4e
telugu testimonial sridhar sunku,2f18897caec78006ae1de2f3e6ab2bec
telugu testimonial srinivasa bandaru,2ff8897caec780c9a031eacbf1981204
telugu testimonial sushma sikhakolli,2ff8897caec780e28b89c5891dfc71df
telugu testimonial swapna kotagiri,2ea8897caec7808d9133d2fe20524abc
testimonial montage aus,3228897caec780cbb956fb0cb2ce539e
testimonial static creatives,2bc8897caec780d38f05d9a69721fbd7
trustpilot review video,2f08897caec78056825cc94ae996e1d2
uk creative edit similar versions request,2fc8897caec7802aa7e0e14c9bb04663
us creative tweaks,2e88897caec780dc9b79d1008fc5dfe2
vernac videos edit request anz 080126,2e28897caec780b08d09df2dc37da11f
women s day 2026 tutor video,31b8897caec780d1afddc26146bc4dfb
women s day 26,3188897caec7805f9a63cd7bb1ab1d23
