ad_name,section,label,spend,TD,match_slug,notion_id,match_score
ANZ_FB_Leads_Conv_Int-4C_Australia_Video_Testimonial-Mohit-Kukreja_060126,Testimonials,Mohit Kukreja,188745,12,,,0.0
ANZ_FB_Leads_Conv_LAL-QL-0to2%_Australia_Video_Testimonial-Mohit-Kukreja_280126,Testimonials,Mohit Kukreja,144478,2,,,0.0
ANZ_FB_Leads_Conv_int-Parents_Australia_Video_Testimonial-Lakshmi_200326,Testimonials,Lakshmi,112337,9,,,0.0
ANZ_FB_Leads_Conv_NRI-Cities-Female_Australia_Video_Testimonial-Lakshmi_200326,Testimonials,Lakshmi,94391,2,,,0.0
USA_FB_Leads_Conv_LAL_PayU_New_Audience_35-55_New_English_Generic_LeadGen_NA_Video_English_Testimonial_Shalini_Dropati_180226,Testimonials,Shalini Dropati,66334,3,,,0.0
USA_FB_Leads_Conv_LAL_PayU_IndianAudience_NRI_35-55_New_English_Generic_LeadGen_NA_Video_English_Testimonial_Shalini_Dropati_180226,Testimonials,Shalini Dropati,51441,2,,,0.0
USA_FB_Leads_Conv_PayU_New_Audience_35-55_English_Testimonials_Part2_LeadGen_NA_Video_English_Testimonial_Grade2_Likita_090426,Testimonials,Likita Grade 2,52849,3,,,0.0
USA_FB_Leads_Conv_Razorpay_NRI_Audience_35-55_English_Testimonials_LeadGen_NA_Video_English_Testimonial_Grade2_Likita_090426,Testimonials,Likita Grade 2,2609,0,,,0.0
AI_Video_Math_Kangaroo_030326,AI Videos,AI Math Kangaroo,37802,0,,,0.0
AI-Video-High-School_030426,AI Videos,AI High School,138090,0,ai video high school,3148897caec780448dfac81e9d71577c,0.4
AI-Video-High-School_060326,AI Videos,AI High School,66676,1,ai video high school,3148897caec780448dfac81e9d71577c,0.4
USA_FB_Leads_Conv_PayU_LAL_New_Audience_Signup_New_BAU_NRI_LP_AI_Videos_Arya_240426,AI Videos,AI Arya,36148,0,,,0.0
ANZ_FB_Leads_Conv_LAL-QL-0to2%_Australia_Video_AI-Arya_240226,AI Videos,AI Arya,17865,0,,,0.0
ANZ_FB_Leads_Conv_LAL-QL-0to2%_Australia_Video_NAPLAN-AI_160326,AI Videos,AI NAPLAN,18072,1,,,0.0
AI-Video-MathFit_250226,AI Videos,AI MathFit,125127,2,ai video arya,30d8897caec78080beceec33689a17a9,0.25
AI-Video-MathFit_030426,AI Videos,AI MathFit,61631,0,ai video arya,30d8897caec78080beceec33689a17a9,0.25
USA_FB_Leads_Conv_LAL_PayU_IndianAudience_NRI_35-55_Christmas_LeadGen_NA_Video-Christmas-High-School-Testimonial-Madhavi-Christmas-Badge-121225,High School,Madhavi HS Christmas,212910,16,high school testimonial madhavi with w o xmas badge,2c68897caec780008790f743dbfcfeee,0.38
USA_FB_Leads_Conv_LAL_Enrolled_35-55_High_School_LeadGen_NA_High-School-SAT-Prep-Manan-Sir-Video-130126,High School,Manan Sir SAT Prep,204275,9,high school sat prep,2e38897caec780ae91a1fdad4e3c2e4a,0.33
USA_FB_Leads_Conv_LAL_Enrolled_Signup_Old-LP_35-55_High_School_NA_Video-High-School-SAT-Prep-Manan-Sir-Video-130126,High School,Manan Sir SAT Prep,71180,2,high school sat prep,2e38897caec780ae91a1fdad4e3c2e4a,0.4
USA_FB_Leads_Conv_LAL_PayU_IndianAudience_NRI_35-55_High_School_LeadGen_NA_Static-High-School-Master-Algebra-White-150126 – Copy,High School,HS Master Algebra,619526,18,high school statics,2e88897caec780fda0b6d91c5f411c42,0.2
USA_FB_Leads_Conv_LAL_Enrolled_Signup_Old-LP_35-55_High_School_NA_Static-High-School-Master-Algebra-White-150126,High School,HS Master Algebra,552788,14,high school statics,2e88897caec780fda0b6d91c5f411c42,0.2
USA_FB_Leads_Conv_LAL_Enrolled_35-55_High_School_LeadGen_NA_Static-High-School-Master-Algebra-White-150126,High School,High School LeadGen Static,246794,1,high school statics,2e88897caec780fda0b6d91c5f411c42,0.22
MEA_AKT_FB_Leads_Conv_Interest_Maths_Engaged_shoppers_Parents_with_preteens_NA_Static_O-Strong-Foundations_20-Oct-2025,Chinese,Strong Foundations Chinese,573239,12,,,0.11
USA_PFX_FB_Leads-Conv_NA_Int-Chinese-Int-Non-NRI_LeadGen_NA_Static_W-Ch-Strong-Foundations_241025,Chinese,Strong Foundations Chinese,335229,0,,,0.08
Static_Y-Ch-Child_280126,Chinese,Y-Ch-Child,118354,5,,,0.0
Static_Y-Ch-Child_230226,Chinese,Y-Ch-Child,72177,2,,,0.0
Video_Chinese-Hero-28s_280126,Chinese,Hero-28s Chinese,38334,2,new hero video 4,2dc8897caec78003abebd3bee971d7cc,0.17
Static_Chinese_Ace_math_competition_030426,Chinese,Chinese Ace Math Comp,55559,2,,,0.0
Static_Chinese_Excel_in_Math_030426,Chinese,Chinese Excel in Math,20728,0,,,0.0
Static_Chinese_Excel_in_Math_020426,Chinese,Chinese Excel in Math,4164,0,,,0.0
USA_FB_Leads_Conv_LAL_PayU_IndianAudience_NRI_35-55_NRI_Contextual_Statics_LeadGen_NA_Static-India-Best-Math-Tutors-180226,NRI Contextual,India Best Math Tutors,724384,7,,,0.14
USA_FB_Leads_Conv_LAL_PayU_IndianAudience_NRI_35-55_NRI_Contextual_Statics_LeadGen_NA_Static-India-Best-Math-Tutors-300126,NRI Contextual,India Best Math Tutors,298628,11,,,0.14
USA_FB_Leads_Conv_PayU_NRI_Audience_Signup_Old-LP_35-55_NRI_Contextual_Statics_NA_Static-Master-Math-this-Winter-White-060226,NRI Contextual,Master Math Winter,351921,11,,,0.09
USA_FB_Leads_Conv_PayU_NRI_Audience_Signup_Old-LP_35-55_NRI_Contextual_Statics_NA_Static-Master-Math-this-Winter-Yellow-060226,NRI Contextual,Master Math Winter,97552,0,,,0.09
USA_FB_Leads_Conv_LAL_Enrolled_Signup_LP_Holi_Creatives_NA_Static_Color_Their_Future_200226,NRI Contextual,Color Their Future Holi,202150,6,,,0.0
USA_FB_Leads_Conv_PayU_Lookalike_Signup_LP_Holi_Creatives_NA_Static_Color_Their_Future_200226,NRI Contextual,Color Their Future Holi,45144,0,,,0.0
USA_FB_Leads_Conv_Advantage_Audience_High_NRI_Creatives_Scaling_Signup_Old-LP_NA_Static-Top-Indian-tutors-060226,NRI Contextual,Top Indian Tutors,346569,7,,,0.0
USA_FB_Leads_Conv_Advantage_Audience_High_NRI_Creatives_Scaling_Signup_Old-LP_NA_Static-Top-Indian-tutors-090426,NRI Contextual,Top Indian Tutors,293071,5,,,0.0
CAN_FB_Leads_Conv_Expats_34-55_Signup_Old_LP_NA_Static-Master-Math-India-Top-Tutors-300126,NRI Contextual,Master Math India Top Tutors,149378,0,,,0.12
USA_FB_Leads_Conv_LAL_PayU_IndianAudience_NRI_35-55_NRI_Contextual_Statics_LeadGen_NA_Static-Master-Math-India-Top-Tutors-180226,NRI Contextual,Master Math India Top Tutors,103298,0,,,0.12
USA_FB_Leads_Conv_LAL_PayU_IndianAudience_NRI_35-55_Math-Kangaroo_LeadGen_NA_Static-30-Day-Math-Kangaroo-Prep-261225,Competitive Prep,Math Kangaroo 30-Day-Prep,1121428,39,ai video math kangaroo,3148897caec7805985add806bbf40eb4,0.18
Math_Kangaroo_Static_30-Day-Prep_040126,Competitive Prep,Math Kangaroo 30-Day-Prep,373535,3,republic day creatives,2de8897caec780acab62e8241aa90e55,0.25
ANZ_PFX_FB_Leads-Conv_Australia_PayU_LeadGen_NA_Static_W-NAPLAN-Boost-Math_291225,Competitive Prep,NAPLAN Boost Math,77784,7,naplan creatives,2ea8897caec7807797ebe06d6dd1559a,0.2
ANZ_FB_Leads_Conv_Locations_Australia_Static_W-NAPLAN-Boost-Math_060226,Competitive Prep,NAPLAN Boost Math,63269,2,naplan creatives,2ea8897caec7807797ebe06d6dd1559a,0.25
ANZ_FB_Leads_Conv_LAL-QL-0to2%_Australia_Static_W-NAPLAN-2026-Ready_030226,Competitive Prep,NAPLAN 2026 Ready,227400,7,naplan urgency creatives anz jan 2026,2d58897caec78004bf5cc99416250587,0.2
ANZ_PFX_FB_Leads-Conv_Australia_PayU_LeadGen_NA_Static_W-NAPLAN-2026-Ready_241225,Competitive Prep,NAPLAN 2026 Ready,111999,5,naplan urgency creatives anz jan 2026,2d58897caec78004bf5cc99416250587,0.25
Ind_FB_Premium+Parents+Income_Slotbook_Static_O-Ace-Math-Olympiad_230326,Competitive Prep,Olympiad Static India,154021,0,,,0.12
Video_Hero4_Cut_Asian_Version_280326,MathFit,Hero4 Cut Asian,69113,0,,,0.0
Video_Hero4_Cut_Asian_Version_030426,MathFit,Hero4 Cut Asian,33937,1,,,0.0
ANZ_FB_Leads_Conv_int4C_Australia_Video_Pizza_020326,MathFit,Pizza/Kitchen MathFit,27803,0,,,0.0
USA_FB_Leads_Conv_Indian_Interests_Mobile_Networks_TV_Channel_34-55_NRI_Signup_Old-LP-Cricket_Worldcup_Creatives_NA_Video_Pizza_discount_180226,MathFit,Pizza/Kitchen MathFit,25368,0,,,0.0
USA_PFX_FB_Leads_Conv_LAL_0-2%_Engaged_Priyanshul_IG_video_290126,Influencer,Priyanshul IG,556831,14,,,0.0
USA_PFX_FB_Leads_Conv_LAL_0-2%_Engaged_Priyanshul_131025,Influencer,Priyanshul IG,387349,5,,,0.0
USA_FB_Leads_Conv_Int_New_Influencer_Postboost_35-55_Advantage_ShortForm_LP_Signup_Video_Shweta_Negi_180226,Influencer,Shweta Negi,392208,9,,,0.0
USA_FB_Leads_Conv_Int_Parents_Influencer_Postboost_35-55_ShortForm_Old-LP_Signup_Video_Shweta_Negi_100226,Influencer,Shweta Negi,281217,14,,,0.0
USA_FB_Leads_Conv_Int_New_Influencer_Postboost_35-55_Advantage_ShortForm_LP_Signup_Video_Keerthi_230126,Influencer,Keerthi Telugu,253214,10,,,0.0
USA_FB_Leads_Conv_LAL_Enrolled_Signup_Old-LP_35-55_Influencer_NA_Video_Keerthi_030226,Influencer,Keerthi Telugu,163831,2,,,0.0
