ad_name,ad_id,canonical,notion_id,notion_slug,match_score,spend,QL,NRI,TQL_booked,TD,CPTD,content_format,creative_type,talent_type,talent_name,production_style,campaign_audience,pain_benefit,headline_theme,language
USA_FB_Leads_Conv_LAL_PayU_IndianAudience_NRI_35-55_Math-Kangaroo_LeadGen_NA_Static-30-Day-Math-Kangaroo-Prep-261225,120236612461480278,30-day-math-kangaroo-prep,3148897caec7805985add806bbf40eb4,ai video math kangaroo,0.4,1121428,137,125,52,39,28755.0,Graphic Explainer,Static,,,Static Graphic,NRI (BAU),Competition Prep,Math Competition,English
USA_FB_Leads_Conv_LAL_PayU_IndianAudience_NRI_35-55_NRI_Contextual_Statics_LeadGen_NA_Static-India-Best-Math-Tutors-180226,120238534256140278,india-best-math-tutors,,,0.0,724384,79,45,20,7,103483.0,Graphic Explainer,Static,Parent,,Static Graphic,NRI (BAU),Tutor Quality,Expert Tutors,English
USA_FB_Leads_Conv_LAL_PayU_IndianAudience_NRI_35-55_High_School_LeadGen_NA_Static-High-School-Master-Algebra-White-150126 – Copy,120237246711350278,high-school-master-algebra-white- – copy,3148897caec780448dfac81e9d71577c,ai video high school,0.4,619526,62,52,24,18,34418.0,Graphic Explainer,Static,,,Static Graphic,NRI (BAU),Foundation Building,Building Foundations,English
MEA_AKT_FB_Leads_Conv_Interest_Maths_Engaged_shoppers_Parents_with_preteens_NA_Static_O-Strong-Foundations_20-Oct-2025,120235741224080529,o-strong-foundations_20-oct-2025,,,0.0,573239,45,17,24,12,47770.0,,,,,,,,,
MEA_AKT_FB_Leads_Conv_UAE_High_Intent_Targeting_LP_Signup_Premium-Ecom-Brands_NA_Video_Cuemath-Hero-5-21s_111225,120241811897090529,premium-ecom-brands_na_video_cuemath-hero-5-21s,,,0.0,562566,95,32,88,39,14425.0,Graphic Explainer,Static,,,Static Graphic,General,Foundation Building,Building Foundations,English
USA_FB_Leads_Conv_LAL_Enrolled_Signup_Old-LP_35-55_High_School_NA_Static-High-School-Master-Algebra-White-150126,120241619802110529,high-school-master-algebra-white,3148897caec780448dfac81e9d71577c,ai video high school,0.4,552788,40,30,34,14,39485.0,Graphic Explainer,Static,,,Static Graphic,General,Grades & School,Building Foundations,English
MEA_AKT_FB_Leads_Conv_UAE_CTF_Parents_Targeting_LP_Signup_NA_Static-Parents-believed-offline-was-better-31-Oct-2025,120236480225950529,parents-believed-offline-was-better-31-oct-2025,,,0.0,541359,18,1,17,5,108272.0,Graphic Explainer,Static,Parent,,Static Graphic,Creative Testing (BAU),Parent Peace of Mind,Parent Peace of Mind,English
Herocut_05_041225,120235498831630278,herocut_05,,,0.0,535938,56,14,47,8,66992.0,Testimonial,Static,Child,,UGC,NRI (PLA),Confidence,Student Outcomes,English
USA_FB_Leads_Conv_LAL_PayU_IndianAudience_NRI_35-55_New-Year_LeadGen_NA_Static-2026-Stands-for-Math-Confidence-221225,120236422200680278,2026-stands-for-math-confidence,2f18897caec780398575de8a2af86582,ai video math confidence,0.4,497868,61,61,32,23,21646.0,Graphic Explainer,Static,,,Static Graphic,NRI (BAU),Confidence | Foundation Building,Building Foundations | Student Outcomes,English
ANZ_FB_Leads_Conv_India-Expats_Australia_Static_W-Testimonial-NAPLAN_040226,120241643063810529,anz_fb_leads_conv_india-expats_australia_static_w-testimonia,,,0.0,482258,99,18,21,7,68894.0,Testimonial,Static,Parent,,Static Graphic,NRI (BAU),Grades & School,Student Outcomes,English
CAN_FB_Leads_Conv_Expats_34-55_Signup_Old_LP_NA_Static-Strong-math-Indian-tutors-310126,120237780336780278,strong-math-indian-tutors,,,0.0,406440,57,55,40,17,23908.0,Graphic Explainer,Static,,,Static Graphic,NRI (BAU),Tutor Quality,Expert Tutors,English
Math_Kangaroo_Static_30-Day-Prep_040126,120236891217320278,math_kangaroo_static_30-day-prep,,,0.0,373535,16,4,14,3,124512.0,Graphic Explainer,Static,,,Static Graphic,NRI (PLA),Competition Prep,Math Competition,English
USA_FB_Leads_Conv_PayU_NRI_Audience_Signup_Old-LP_35-55_NRI_Contextual_Statics_NA_Static-Master-Math-this-Winter-White-060226,120242213711760529,master-math-this-winter-white,,,0.0,351921,36,18,31,11,31993.0,Graphic Explainer,Static,,,Static Graphic,NRI,Foundation Building,Promotional Offer,English
USA_FB_Leads_Conv_Advantage_Audience_High_NRI_Creatives_Scaling_Signup_Old-LP_NA_Static-Top-Indian-tutors-060226,120241764474980529,top-indian-tutors,,,0.0,346569,31,19,30,7,49510.0,Graphic Explainer,Static,,,Static Graphic,NRI,Tutor Quality,Expert Tutors,English
Static_W-Ch-Strong-Foundations_230226,120238786756270278,static_w-ch-strong-foundations,,,0.0,323813,43,5,40,7,46259.0,Graphic Explainer,Static,,,Static Graphic,Chinese (PLA),Foundation Building,Building Foundations,English
ANZ_PFX_FB_Leads_Conv_Int_All-Expats_35-55_Australia_Static_W-NAPLAN-Start-Summer_210126,120241108014650529,anz_pfx_fb_leads_conv_int_all-expats_35-55_australia_static_,,,0.0,297452,43,4,21,15,19830.0,Graphic Explainer,Static,,,Static Graphic,General (BAU),Grades & School,Building Foundations,English
MEA_AKT_FB_Leads_Conv_Interest_Maths_Engaged_shoppers_Parents_with_preteens_NA_Static_O-Strong-Foundations_V2-121225,120239294290930529,o-strong-foundations_v2,,,0.0,275051,39,19,22,13,21158.0,,,,,,,,,
USA_AKT_FB_Leads_Conv_Advantage_Audience-Telugu_35-55_LeadGen_Telugu_Creatives_Telugu_copy_NA_Static_Balamaina_Math_Foundation_150126,120237289931920278,balamaina_math_foundation,,,0.0,257222,27,27,9,3,85741.0,Graphic Explainer,Static,,,Static Graphic,Vernacular (BAU),Foundation Building,Building Foundations,Telugu
MEA_AKT_FB_Leads_Conv_UAE_HNIs_Targeting_LP_Pricing_Creatives_60AED_Signup_NA_Static-IB-MYP1_260126,120241309855660529,ib-myp1,,,0.0,244062,17,0,12,4,61016.0,Graphic Explainer,Static,Parent,,Static Graphic,General,Foundation Building | Personalization | Tutor Quality,Promotional Offer | Expert Tutors,English
Mea_PFX_FB_Leads-Conv_AD-DH-Sha-Cities_Int-Premium_LeadGen_NA_Static_Y-Girl-MathFit_240925,120234243117660529,y-girl-mathfit,,,0.0,241594,28,3,14,8,30199.0,,,,,,,,,
USA_FB_Leads_Conv_LAL_PayU_IndianAudience_NRI_35-55_Math-Kangaroo_LeadGen_NA_Static-Build Skills-V2-111225,120235861161630278,build skills-v2,,,0.0,228113,21,21,11,5,45623.0,Graphic Explainer,Static,Child,,Static Graphic,NRI (BAU),Foundation Building,Building Foundations,English
ANZ_FB_Leads_Conv_LAL-QL-0to2%_Australia_Static_W-NAPLAN-2026-Ready_030226,120241620625770529,anz_fb_leads_conv_lal-ql-0to2%_australia_static_w-naplan-202,,,0.0,227400,36,10,15,7,32486.0,Graphic Explainer,Static,Child,,Static Graphic,Lookalike (BAU),Grades & School,Student Outcomes,English
ANZ_FB_Leads_Conv_Parents-All-Pri+Sec_Australia_Static_Y-Testimonial-Vishal_020326,120242719342030529,anz_fb_leads_conv_parents-all-pri+sec_australia_static_y-tes,,,0.0,203618,33,26,20,13,15663.0,Testimonial,Static,Parent,Vishal,Static Graphic,General (BAU),Grades & School,Social Proof,English
USA_FB_Leads_Conv_LAL_Enrolled_Signup_LP_Holi_Creatives_NA_Static_Color_Their_Future_200226,120238697430640278,color_their_future,,,0.0,202150,11,10,11,6,33692.0,Graphic Explainer,Static,,,Static Graphic,General,Confidence | Grades & School | Foundation Building,Student Outcomes | Personalized Learning,English
ANZ_FB_Leads_Conv_int-Parents_Australia_Static_Y-Testimonial-Vishal_200326,120243611728890529,anz_fb_leads_conv_int-parents_australia_static_y-testimonial,,,0.0,192582,12,6,12,5,38516.0,Testimonial,Static,Parent,Vishal,Static Graphic,General,Confidence | Grades & School | Foundation Building,Social Proof,English
ANZ_FB_Leads_Conv_Parents-All-Pri+Sec_Australia_Static_Y-NAPLAN-Chinese_290126,120241417942960529,anz_fb_leads_conv_parents-all-pri+sec_australia_static_y-nap,,,0.0,191420,30,0,8,6,31903.0,Graphic Explainer,Static,Parent,,Static Graphic,General (BAU),Grades & School,Student Outcomes,English
ANZ-UK_FB_Leads_Conv_PayU_UK_Static_P-Gamified_250226,120242507070640529,anz-uk_fb_leads_conv_payu_uk_static_p-gamified,,,0.0,189495,26,9,11,3,63165.0,Graphic Explainer,Static,Child,,Static Graphic,Lookalike (BAU),Fun & Engagement,Fun & Engagement,English
USA_FB_Leads_Conv_LAL_PayU_IndianAudience_NRI_35-55_AMC_LeadGen_NA_Static-Boost-score-in-AMC8--310126,120237779888840278,boost-score-in-amc8,,,0.0,188026,26,10,5,4,47007.0,Graphic Explainer,Static,,,Static Graphic,NRI (BAU),Competition Prep,Math Competition,English
ANZ_PFX_FB_Leads-Conv_Australia_LeadGen_NA_Static_NAPLAN-Chinese_061125,120238694751330529,naplan-chinese,,,0.0,182062,16,9,10,8,22758.0,Graphic Explainer,Static,,,Static Graphic,PLA,Grades & School,Student Outcomes,English
USA_FB_Leads_Conv_LAL_Enrolled_35-55_Republic_Day_LeadGen_NA_Static-make-child-mathfit-200126,120237428961730278,make-child-mathfit,3378897caec780f6bbdced3b098b0886,ai video every child can become mathfit asian,0.67,181205,24,23,6,3,60402.0,Graphic Explainer,Static,Child,,Static Graphic,Lookalike (BAU),Foundation Building,Building Foundations,English
MEA_AKT_FB_Leads_Conv_UAE_High_ROAS_Creative_Scaling_LP_Signup_NA_Static-Parents-believed-offline-was-better-180226,120242164762290529,parents-believed-offline-was-better,,,0.0,173689,12,2,11,5,34738.0,Graphic Explainer,Static,,,Static Graphic,General,Parent Peace of Mind,Parent Peace of Mind,English
USA_FB_Leads_Conv_LAL_Enrolled_35-55_Pricing_Creatives_LeadGen_NA_Static-starting-at-$20-per-class-220126,120237462304830278,starting-at-$20-per-class,,,0.0,171794,21,21,8,3,57265.0,Static Graphic,Static,Child,,Static Graphic,Lookalike (BAU),Parent Peace of Mind,Promotional Offer,English
ANZ_FB_Leads_Conv_LAL-QL-0to2%_Australia_Static_W-Testimonial-NAPLAN_030226,120241620625760529,anz_fb_leads_conv_lal-ql-0to2%_australia_static_w-testimonia,,,0.0,159595,26,1,10,6,26599.0,Testimonial,Static,Parent,,Static Graphic,Lookalike (BAU),Grades & School,Student Outcomes,English
USA_FB_Leads_Conv_LAL_PayU_IndianAudience_NRI_35-55_Christmas_LeadGen_NA_Static-Christmas-Master-Algebra-Geometry-101225,120235791962390278,christmas-master-algebra-geometry,,,0.0,152695,11,11,9,6,25449.0,Graphic Explainer,Static,,,Static Graphic,NRI (BAU),Foundation Building,Promotional Offer,English
USA_FB_Leads_Conv_Expats_High_School_40_60_Signup_LP_Statics_NA_Static-High-School-AP-Calculus-BC-090426,120241146397150278,high-school-ap-calculus-bc,3148897caec780448dfac81e9d71577c,ai video high school,0.4,143995,9,7,8,2,71998.0,,,,,,,,,
ANZ-UK_FB_Leads_Conv_India-Expats_UK_Static_O-Classroom-Maths_050226,120241725931950529,anz-uk_fb_leads_conv_india-expats_uk_static_o-classroom-math,,,0.0,141944,14,0,5,3,47315.0,Graphic Explainer,Static,,,Static Graphic,NRI (BAU),Personalization,Personalized Learning,English
ANZ_PFX_FB_Leads-Conv_Australia_All-Expats_ShortForm-LP-Signup_NA_Static_Y-Boost-NAPLAN-White_101225,120239069623280529,y-boost-naplan-white,,,0.0,140078,16,12,7,3,46693.0,Graphic Explainer,Static,,,Static Graphic,PLA,Grades & School,Student Outcomes,English
ANZ_FB_Leads_Conv_NRI-Cities-Female_Australia_Static_Y-Testimonial-Vishal_200326,120243610382320529,anz_fb_leads_conv_nri-cities-female_australia_static_y-testi,,,0.0,127741,10,8,8,4,31935.0,Testimonial,Static,Parent,Vishal,Static Graphic,NRI,Grades & School,Social Proof,English
MEA_AKT_FB_Leads_Conv_UAE_High_ROAS_Creative_Scaling_LP_Signup_NA_Static-B-Around-Your-Child-V3-040126,120240396239720529,b-around-your-child-v3,,,0.0,125645,13,0,13,4,31411.0,Graphic Explainer,Static,,,Static Graphic,General,Personalization,Personalized Learning,English
USA_FB_Leads_Conv_LAL_Enrolled_35-55_NRI_Contextual_Statics_LeadGen_NA_Static-Top-Indian-tutors-NRI-Ad2-230126,120237504841830278,top-indian-tutors-nri-ad2,,,0.0,121516,16,14,5,2,60758.0,Graphic Explainer,Static,,,Static Graphic,Lookalike (BAU),Tutor Quality,Expert Tutors,English
Static_Y-Ch-Child_280126,120237659851600278,static_y-ch-child,,,0.0,118354,11,3,11,5,23671.0,Graphic Explainer,Static,Child,,Static Graphic,NRI (PLA),Thinking vs Calculating,Fun & Engagement,English
ANZ_FB_Leads_Conv_TV-Channels_Australia_Static_W-Testimonial-NAPLAN_140126,120240845274130529,anz_fb_leads_conv_tv-channels_australia_static_w-testimonial,,,0.0,117073,16,9,4,2,58537.0,Testimonial,Static,Parent,,Static Graphic,NRI (BAU),Grades & School,Social Proof,English
Math_Kangaroo_Static_Build_Skills_V2_040126,120236886687540278,math_kangaroo_static_build_skills_v2,,,0.0,116679,6,6,6,3,38893.0,Graphic Explainer,Static,,,Static Graphic,NRI (PLA),Foundation Building,Building Foundations,English
MEA_AKT_FB_Leads_Conv_Interest_Maths_Engaged_shoppers_Parents_with_preteens_NA_Static-Loved-by-UAE-Families-14-Nov-2025,120237258323140529,loved-by-uae-families-14-nov-2025,,,0.0,115750,17,7,10,6,19292.0,,,,,,,,,
USA_FB_Leads_Conv_LAL_PayU_IndianAudience_NRI_35-55_NRI_Contextual_Statics_LeadGen_NA_Static-Spring-Build-Strong-Foundation-060426,120241018634470278,spring-build-strong-foundation,32f8897caec7809fb096d641ec1e4d6f,ai video asian strong foundation,0.5,114135,11,9,3,3,38045.0,Graphic Explainer,Static,,,Static Graphic,NRI (BAU),Foundation Building,Building Foundations,English
ANZ_PFX_FB_Leads-Conv_Australia_PayU_LeadGen_NA_Static_W-NAPLAN-2026-Ready_241225,120239949335850529,w-naplan-2026-ready,2d58897caec78004bf5cc99416250587,naplan urgency creatives anz jan 2026,0.67,111999,11,7,7,5,22400.0,Graphic Explainer,Static,,,Static Graphic,PLA,Grades & School,Student Outcomes,English
Easter_Hop_Into_Math_Confidence_240326,120240146764780278,easter_hop_into_math_confidence,,,0.0,105084,14,5,11,2,52542.0,Talking Head,Static,Tutor,,Studio,NRI (PLA),Confidence,Personalized Learning,English
USA_FB_Leads_Conv_PayU_New_Audience_35-55_Statics_High_School_New_Concepts_LeadGen_NA_Static-High-School-Algebra-to-AP-Calculus-170426,120241590515430278,high-school-algebra-to-ap-calculus,,,0.0,104100,22,8,8,2,52050.0,,,,,,,,,
USA_FB_Leads_Conv_PayU_NRI_Audience_Signup_Old-LP_35-55_NRI_Contextual_Statics_NA_Static-Top-Indian-tutors-NRI-Ad1-010226,120242213711900529,top-indian-tutors-nri-ad1,,,0.0,102159,13,7,12,2,51080.0,Static Graphic,Static,,,Static Graphic,NRI,Tutor Quality | Foundation Building,Expert Tutors,English
ANZ_FB_Leads_Conv_Expats-India_Australia_Static_W-NAPLAN-2027-Testimonial_150426,120245018310690529,anz_fb_leads_conv_expats-india_australia_static_w-naplan-202,,,0.0,93818,12,12,10,5,18764.0,,,,,,,,,
ANZ_PFX_FB_Leads-Conv_Australia_LeadGen_NA_Static_NAPLAN-Chinese-V2_230126,120241189626670529,naplan-chinese-v2,,,0.0,93000,12,1,4,3,31000.0,Graphic Explainer,Static,,,Static Graphic,"ANZ_PFX_FB_Leads_Conv_Combined_LeadGen_0 (BAU, unclassified)",Grades & School,Student Outcomes,English
ANZ_FB_Leads_Conv_Vernac-Tamil-Static_Australia_Static_Ad3-Tamil-Text_110226,120241919019080529,anz_fb_leads_conv_vernac-tamil-static_australia_static_ad3-t,,,0.0,89700,19,0,8,2,44850.0,Graphic Explainer,Static,,,Static Graphic,Vernacular (BAU),Grades & School,Student Outcomes,Tamil
ANZ-NZ_FB_Leads_Conv_Parents-Pri+Sec_Australia_Form_Static_Classroom-Math_280126,120241397968020529,anz-nz_fb_leads_conv_parents-pri+sec_australia_form_static_c,,,0.0,88298,18,1,5,2,44149.0,Graphic Explainer,Static,,,Static Graphic,"ANZ-NZ_FB_Leads_Conv_Parents_LeadGen_280 (BAU, unclassified)",Foundation Building,Building Foundations,English
ANZ_FB_Leads_Conv_LAL-0to2-QL_Australia_Static_Testimonial-Dharmender_200426,120245272488230529,anz_fb_leads_conv_lal-0to2-ql_australia_static_testimonial-d,,,0.0,86628,7,6,7,3,28876.0,,,,,,,,,
ANZ_FB_Leads_Conv_All-Expats_Australia_Static_W-Child-Falling-Behind_070126,120240532604830529,anz_fb_leads_conv_all-expats_australia_static_w-child-fallin,,,0.0,82967,9,4,6,3,27656.0,Graphic Explainer,Static,Child,,Static Graphic,"ANZ_PFX_FB_Leads_Conv_Combined_LeadGen_0 (BAU, unclassified)",Grades & School,Student Outcomes,English
USA_FB_Leads_Conv_LAL_PayU_IndianAudience_NRI_35-55_LeadGen_3MF_Static_B-Math-Learning-New_020126,120236831598870278,usa_fb_leads_conv_lal_payu_indianaudience_nri_35-55_leadgen_,,,0.0,81990,13,12,8,4,20498.0,Graphic Explainer,Static,,,Static Graphic,NRI (BAU),Grades & School,Building Foundations,English
ANZ_PFX_FB_Leads-Conv_Australia_PayU_LeadGen_NA_Static_W-NAPLAN-Boost-Math_291225,120240150994420529,w-naplan-boost-math,,,0.0,77784,13,10,9,7,11112.0,Graphic Explainer,Static,,,Static Graphic,PLA,Grades & School,NAPLAN Preparation,English
USA_FB_Leads_Conv_LAL_PayU_IndianAudience_NRI_35-55_Math-Kangaroo_LeadGen_NA_Static-Is-your-child-preparing-051225,120235581754090278,is-your-child-preparing,,,0.0,76158,4,4,4,3,25386.0,Graphic Explainer,Static,,,Static Graphic,NRI (BAU),Competition Prep,Math Competition,English
USA_PFX_FB_Leads_Conv_LAL_0-2%_Engaged_Priyanshul-2_031125,120233910371660278,usa_pfx_fb_leads_conv_lal_0-2%_engaged_priyanshul-2,,,0.0,73050,5,5,2,2,36525.0,Product Demo,Static,Influencer,Priyanshul,Static Graphic,Influencer (BAU),Personalization,Personalized Learning,English
USA_AKT_FB_Leads_Conv_Int_Expats-Telugu_35-55_LeadGen_Telugu_Creatives_Telugu_copy_Static_Balamaina_Math_Foundation_150126,120237661376860278,usa_akt_fb_leads_conv_int_expats-telugu_35-55_leadgen_telugu,,,0.0,66463,7,7,3,2,33232.0,Graphic Explainer,Static,,,Static Graphic,NRI (BAU),Foundation Building,Building Foundations,Telugu
ANZ_FB_Leads_Conv_Bollywood_Australia_Static_Y-Testimonial-Vishal_150326,120243348887950529,anz_fb_leads_conv_bollywood_australia_static_y-testimonial-v,,,0.0,66059,7,5,4,3,22020.0,Testimonial,Static,Parent,Vishal,Static Graphic,Interest (BAU),Grades & School,Social Proof,English
ANZ_FB_Leads_Conv_Locations_Australia_Static_W-NAPLAN-Boost-Math_060226,120241723959490529,anz_fb_leads_conv_locations_australia_static_w-naplan-boost-,,,0.0,63269,7,0,2,2,31635.0,Graphic Explainer,Static,,,Static Graphic,Geo (BAU),Grades & School,Student Outcomes,English
ANZ_FB_Leads_Conv_LAL-QL-0to2%_Australia_Static_Y-Testimonial-Vishal_090326,120243024249900529,anz_fb_leads_conv_lal-ql-0to2%_australia_static_y-testimonia,,,0.0,59886,5,4,4,3,19962.0,Testimonial,Static,Child,Vishal,UGC,Lookalike (BAU),Grades & School,Social Proof,English
Static_Chinese_Ace_math_competition_030426,120240795003330278,static_chinese_ace_math_competition,,,0.0,55559,15,0,9,2,27780.0,Testimonial,Static,Child,,Static Graphic,NRI (PLA),Competition Prep,Math Competition,English
MEA_AKT_FB_Leads_Conv_Dubai_Premium_Ecom_Brands_LP_Signup_NA_Static-Strong-Math-Foundations-V2-100226,120241881033590529,strong-math-foundations-v2,,,0.0,55509,5,0,5,3,18503.0,Graphic Explainer,Static,,,Static Graphic,Geo (BAU),Foundation Building,Building Foundations,English
Static_Y-Ch-Family_230226,120238786756290278,static_y-ch-family,,,0.0,49852,4,2,4,2,24926.0,Graphic Explainer,Static,,,Static Graphic,Chinese (PLA),Grades & School,Student Outcomes,English
Mea_PFX_FB_Leads-Conv_NA_Int-Female_LeadGen_NA_Static-Christmas-Ho-Ho-Ho-051225,120238621825290529,christmas-ho-ho-ho,,,0.0,48843,6,0,4,2,24422.0,Static Graphic,Static,,,Static Graphic,PLA,Parent Peace of Mind,Promotional Offer,English
ANZ_FB_Leads_Conv_Parents-All-Pri+Sec_Australia_Static_W-NAPLAN-Boost-Math_290126,120241417942990529,anz_fb_leads_conv_parents-all-pri+sec_australia_static_w-nap,,,0.0,45782,8,0,4,3,15261.0,Graphic Explainer,Static,,,Static Graphic,"ANZ_FB_Leads_Conv_All-Parents_LeadGen_29 (BAU, unclassified)",Grades & School,Student Outcomes,English
ANZ_FB_Leads_Conv_Int-Parenting_Australia_Static_NAPLAN-Chinese_050126,120240427481590529,anz_fb_leads_conv_int-parenting_australia_static_naplan-chin,,,0.0,41648,5,5,2,2,20824.0,Graphic Explainer,Static,,,Static Graphic,Interest (BAU),Grades & School,Student Outcomes,English
ANZ-SG_FB_Leads_Conv_int4C_Singapore_Static_Strong-Maths-Foundations_110226,120241936056160529,anz-sg_fb_leads_conv_int4c_singapore_static_strong-maths-fou,,,0.0,32226,2,0,2,2,16113.0,Graphic Explainer,Static,,,Static Graphic,Interest (BAU),Foundation Building,Building Foundations,English
MEA_AKT_FB_Leads_Conv_UAE_High_Intent_Targeting_Signup_LP_NA_Video_Brand-Mission-27s_080226,120242358817200529,na_video_brand-mission-27s,,,0.0,29520,5,0,5,2,14760.0,Graphic Explainer,Static,,,Static Graphic,General,Foundation Building,Building Foundations,English
USA_FB_Leads_Conv_LAL_Enrolled_35-55_Republic_Day_LeadGen_NA_Static-strong-math-foundations-200126,120237428922170278,strong-math-foundations,,,0.0,24325,3,3,2,2,12163.0,Graphic Explainer,Static,Child,,Static Graphic,Lookalike (BAU),Foundation Building,Building Foundations,English
USA_FB_Leads_Conv_CTF_LAL_Enrolled_Signup_LP_Static_Accelerate_Toward_AP_Calculus_BC_180326,120239871010410278,static_accelerate_toward_ap_calculus_bc,,,0.0,22015,3,0,3,3,7339.0,Graphic Explainer,Static,,,Static Graphic,General,Competition Prep,Math Competition,English
ANZ_FB_Leads_Conv_Parents-All-Pri+Sec_Australia_Static_W-Testimonial-NAPLAN_290126,120241417942980529,anz_fb_leads_conv_parents-all-pri+sec_australia_static_w-tes,,,0.0,19070,3,0,2,2,9535.0,Testimonial,Static,Parent,,Static Graphic,"ANZ_FB_Leads_Conv_All-Parents_LeadGen_29 (BAU, unclassified)",Grades & School,Student Outcomes,English
